адакъэ	адакъэхэ	N;NDEF;PL
адакъэ	адакъэхэмэ	N;ERG;PL;DEF
адакъэ	адакъэхыу	N;LGSPEC1;PL
адакъэ	адакъэм	N;ERG;SG;DEF
адакъэ	адакъэр	N;NOM;SG
адакъэ	адакъэхэр	N;NOM;PL
адакъэ	адакъэу	N;LGSPEC1;SG
адакъэ	адакъэхэмкӏэ	N;INS;PL;DEF
адакъэ	адакъэхэкӏэ	N;INS;PL;NDEF
адакъэ	адакъэмкӏэ	N;INS;SG;DEF
адакъэ	адакъэкӏэ	N;INS;SG;NDEF
адакъэ	адакъэ	N;NDEF;SG
адэ	адэхэ	N;NDEF;PL
адэ	адэхэмэ	N;ERG;PL;DEF
адэ	адэхыу	N;LGSPEC1;PL
адэ	адэм	N;ERG;SG;DEF
адэ	адэр	N;NOM;SG
адэ	адэхэр	N;NOM;PL
адэ	адэу	N;LGSPEC1;SG
адэ	адэхэмкӏэ	N;INS;PL;DEF
адэ	адэхэкӏэ	N;INS;PL;NDEF
адэ	адэмкӏэ	N;INS;SG;DEF
адэ	адэкӏэ	N;INS;SG;NDEF
адэ	адэ	N;NDEF;SG
ажал	ажалэхэ	N;NDEF;PL
ажал	ажалэхэмэ	N;ERG;PL;DEF
ажал	ажалэхыу	N;LGSPEC1;PL
ажал	ажалэм	N;ERG;SG;DEF
ажал	ажалэр	N;NOM;SG
ажал	ажалэхэр	N;NOM;PL
ажал	ажалыу	N;LGSPEC1;SG
ажал	ажалэхэмкӏэ	N;INS;PL;DEF
ажал	ажалэхэкӏэ	N;INS;PL;NDEF
ажал	ажалэмкӏэ	N;INS;SG;DEF
ажал	ажалэкӏэ	N;INS;SG;NDEF
ажал	ажалэ	N;NDEF;SG
анэ	анэхэ	N;NDEF;PL
анэ	анэхэмэ	N;ERG;PL;DEF
анэ	анэхыу	N;LGSPEC1;PL
анэ	анэм	N;ERG;SG;DEF
анэ	анэр	N;NOM;SG
анэ	анэхэр	N;NOM;PL
анэ	анэу	N;LGSPEC1;SG
анэ	анэхэмкӏэ	N;INS;PL;DEF
анэ	анэхэкӏэ	N;INS;PL;NDEF
анэ	анэмкӏэ	N;INS;SG;DEF
анэ	анэкӏэ	N;INS;SG;NDEF
анэ	анэ	N;NDEF;SG
бадзэ	бадзэхэр	N;NOM;PL
бадзэ	бадзэхэмкӏэ	N;INS;PL;DEF
бадзэ	бадзэхэкӏэ	N;INS;PL;NDEF
бадзэ	бадзэу	N;LGSPEC1;SG
бадзэ	бадзэр	N;NOM;SG
бадзэ	бадзэ	N;NDEF;SG
бадзэ	бадзэхыу	N;LGSPEC1;PL
бадзэ	бадзэхэ	N;NDEF;PL
бадзэ	бадзэмкӏэ	N;INS;SG;DEF
бадзэ	бадзэкӏэ	N;INS;SG;NDEF
бадзэ	бадзэхэмэ	N;ERG;PL;DEF
бадзэ	бадзэм	N;ERG;SG;DEF
бажэ	бажэхэ	N;NDEF;PL
бажэ	бажэхэмэ	N;ERG;PL;DEF
бажэ	бажэхыу	N;LGSPEC1;PL
бажэ	бажэм	N;ERG;SG;DEF
бажэ	бажэр	N;NOM;SG
бажэ	бажэхэр	N;NOM;PL
бажэ	бажэу	N;LGSPEC1;SG
бажэ	бажэхэмкӏэ	N;INS;PL;DEF
бажэ	бажэхэкӏэ	N;INS;PL;NDEF
бажэ	бажэмкӏэ	N;INS;SG;DEF
бажэ	бажэкӏэ	N;INS;SG;NDEF
бажэ	бажэ	N;NDEF;SG
бахъэ	бахъэхэ	N;NDEF;PL
бахъэ	бахъэхэмэ	N;ERG;PL;DEF
бахъэ	бахъэхыу	N;LGSPEC1;PL
бахъэ	бахъэм	N;ERG;SG;DEF
бахъэ	бахъэр	N;NOM;SG
бахъэ	бахъэхэр	N;NOM;PL
бахъэ	бахъэу	N;LGSPEC1;SG
бахъэ	бахъэхэмкӏэ	N;INS;PL;DEF
бахъэ	бахъэхэкӏэ	N;INS;PL;NDEF
бахъэ	бахъэмкӏэ	N;INS;SG;DEF
бахъэ	бахъэкӏэ	N;INS;SG;NDEF
бахъэ	бахъэ	N;NDEF;SG
бацэ	бацэхэ	N;NDEF;PL
бацэ	бацэхэмэ	N;ERG;PL;DEF
бацэ	бацэхыу	N;LGSPEC1;PL
бацэ	бацэм	N;ERG;SG;DEF
бацэ	бацэр	N;NOM;SG
бацэ	бацэхэр	N;NOM;PL
бацэ	бацэу	N;LGSPEC1;SG
бацэ	бацэхэмкӏэ	N;INS;PL;DEF
бацэ	бацэхэкӏэ	N;INS;PL;NDEF
бацэ	бацэмкӏэ	N;INS;SG;DEF
бацэ	бацэкӏэ	N;INS;SG;NDEF
бацэ	бацэ	N;NDEF;SG
бгъэ	бгъэхэр	N;NOM;PL
бгъэ	бгъэхэмкӏэ	N;INS;PL;DEF
бгъэ	бгъэхэкӏэ	N;INS;PL;NDEF
бгъэ	бгъэу	N;LGSPEC1;SG
бгъэ	бгъэр	N;NOM;SG
бгъэ	бгъэ	N;NDEF;SG
бгъэ	бгъэхыу	N;LGSPEC1;PL
бгъэ	бгъэхэ	N;NDEF;PL
бгъэ	бгъэмкӏэ	N;INS;SG;DEF
бгъэ	бгъэкӏэ	N;INS;SG;NDEF
бгъэ	бгъэхэмэ	N;ERG;PL;DEF
бгъэ	бгъэм	N;ERG;SG;DEF
бдзэ	бдзэхэ	N;NDEF;PL
бдзэ	бдзэхэмэ	N;ERG;PL;DEF
бдзэ	бдзэхыу	N;LGSPEC1;PL
бдзэ	бдзэм	N;ERG;SG;DEF
бдзэ	бдзэр	N;NOM;SG
бдзэ	бдзэхэр	N;NOM;PL
бдзэ	бдзэу	N;LGSPEC1;SG
бдзэ	бдзэхэмкӏэ	N;INS;PL;DEF
бдзэ	бдзэхэкӏэ	N;INS;PL;NDEF
бдзэ	бдзэмкӏэ	N;INS;SG;DEF
бдзэ	бдзэкӏэ	N;INS;SG;NDEF
бдзэ	бдзэ	N;NDEF;SG
бдзэжьей	бдзэжьейхэ	N;NDEF;PL
бдзэжьей	бдзэжьейхэмэ	N;ERG;PL;DEF
бдзэжьей	бдзэжьейхыу	N;LGSPEC1;PL
бдзэжьей	бдзэжьейм	N;ERG;SG;DEF
бдзэжьей	бдзэжьейр	N;NOM;SG
бдзэжьей	бдзэжьейхэр	N;NOM;PL
бдзэжьей	бдзэжьейу	N;LGSPEC1;SG
бдзэжьей	бдзэжьейхэмкӏэ	N;INS;PL;DEF
бдзэжьей	бдзэжьейхэкӏэ	N;INS;PL;NDEF
бдзэжьей	бдзэжьеймкӏэ	N;INS;SG;DEF
бдзэжьей	бдзэжьейкӏэ	N;INS;SG;NDEF
бдзэжьей	бдзэжьей	N;NDEF;SG
бегъымбар	бегъымбарэхэ	N;NDEF;PL
бегъымбар	бегъымбарэхэмэ	N;ERG;PL;DEF
бегъымбар	бегъымбарэхыу	N;LGSPEC1;PL
бегъымбар	бегъымбарэм	N;ERG;SG;DEF
бегъымбар	бегъымбарэр	N;NOM;SG
бегъымбар	бегъымбарэхэр	N;NOM;PL
бегъымбар	бегъымбарыу	N;LGSPEC1;SG
бегъымбар	бегъымбарэхэмкӏэ	N;INS;PL;DEF
бегъымбар	бегъымбарэхэкӏэ	N;INS;PL;NDEF
бегъымбар	бегъымбарэмкӏэ	N;INS;SG;DEF
бегъымбар	бегъымбарэкӏэ	N;INS;SG;NDEF
бегъымбар	бегъымбарэ	N;NDEF;SG
бжьыхьэ	бжьыхьэхэ	N;NDEF;PL
бжьыхьэ	бжьыхьэхэмэ	N;ERG;PL;DEF
бжьыхьэ	бжьыхьэхыу	N;LGSPEC1;PL
бжьыхьэ	бжьыхьэм	N;ERG;SG;DEF
бжьыхьэ	бжьыхьэр	N;NOM;SG
бжьыхьэ	бжьыхьэхэр	N;NOM;PL
бжьыхьэ	бжьыхьэу	N;LGSPEC1;SG
бжьыхьэ	бжьыхьэхэмкӏэ	N;INS;PL;DEF
бжьыхьэ	бжьыхьэхэкӏэ	N;INS;PL;NDEF
бжьыхьэ	бжьыхьэмкӏэ	N;INS;SG;DEF
бжьыхьэ	бжьыхьэкӏэ	N;INS;SG;NDEF
бжьыхьэ	бжьыхьэ	N;NDEF;SG
бжьэ	бжьэхэ	N;NDEF;PL
бжьэ	бжьэхэмэ	N;ERG;PL;DEF
бжьэ	бжьэхыу	N;LGSPEC1;PL
бжьэ	бжьэм	N;ERG;SG;DEF
бжьэ	бжьэр	N;NOM;SG
бжьэ	бжьэхэр	N;NOM;PL
бжьэ	бжьэу	N;LGSPEC1;SG
бжьэ	бжьэхэмкӏэ	N;INS;PL;DEF
бжьэ	бжьэхэкӏэ	N;INS;PL;NDEF
бжьэ	бжьэмкӏэ	N;INS;SG;DEF
бжьэ	бжьэкӏэ	N;INS;SG;NDEF
бжьэ	бжьэ	N;NDEF;SG
бжэн	бжэнхэ	N;NDEF;PL
бжэн	бжэнхэмэ	N;ERG;PL;DEF
бжэн	бжэнхыу	N;LGSPEC1;PL
бжэн	бжэнм	N;ERG;SG;DEF
бжэн	бжэнр	N;NOM;SG
бжэн	бжэнхэр	N;NOM;PL
бжэн	бжэну	N;LGSPEC1;SG
бжэн	бжэнхэмкӏэ	N;INS;PL;DEF
бжэн	бжэнхэкӏэ	N;INS;PL;NDEF
бжэн	бжэнмкӏэ	N;INS;SG;DEF
бжэн	бжэнкӏэ	N;INS;SG;NDEF
бжэн	бжэн	N;NDEF;SG
бзу	бзуэхэ	N;NDEF;PL
бзу	бзуэхэмэ	N;ERG;PL;DEF
бзу	бзухыу	N;LGSPEC1;PL
бзу	бзуэм	N;ERG;SG;DEF
бзу	бзуэр	N;NOM;SG
бзу	бзуэхэр	N;NOM;PL
бзу	бзуыу	N;LGSPEC1;SG
бзу	бзуэхэмкӏэ	N;INS;PL;DEF
бзу	бзуэхэкӏэ	N;INS;PL;NDEF
бзу	бзуэмкӏэ	N;INS;SG;DEF
бзу	бзуэкӏэ	N;INS;SG;NDEF
бзу	бзуэ	N;NDEF;SG
бзылъхугъэ	бзылъхугъэхэ	N;NDEF;PL
бзылъхугъэ	бзылъхугъэхэмэ	N;ERG;PL;DEF
бзылъхугъэ	бзылъхугъэхыу	N;LGSPEC1;PL
бзылъхугъэ	бзылъхугъэм	N;ERG;SG;DEF
бзылъхугъэ	бзылъхугъэр	N;NOM;SG
бзылъхугъэ	бзылъхугъэхэр	N;NOM;PL
бзылъхугъэ	бзылъхугъэу	N;LGSPEC1;SG
бзылъхугъэ	бзылъхугъэхэмкӏэ	N;INS;PL;DEF
бзылъхугъэ	бзылъхугъэхэкӏэ	N;INS;PL;NDEF
бзылъхугъэ	бзылъхугъэмкӏэ	N;INS;SG;DEF
бзылъхугъэ	бзылъхугъэкӏэ	N;INS;SG;NDEF
бзылъхугъэ	бзылъхугъэ	N;NDEF;SG
бзэгу	бзэгухэ	N;NDEF;PL
бзэгу	бзэгухэмэ	N;ERG;PL;DEF
бзэгу	бзэгухыу	N;LGSPEC1;PL
бзэгу	бзэгум	N;ERG;SG;DEF
бзэгу	бзэгур	N;NOM;SG
бзэгу	бзэгухэр	N;NOM;PL
бзэгу	бзэгуу	N;LGSPEC1;SG
бзэгу	бзэгухэмкӏэ	N;INS;PL;DEF
бзэгу	бзэгухэкӏэ	N;INS;PL;NDEF
бзэгу	бзэгумкӏэ	N;INS;SG;DEF
бзэгу	бзэгукӏэ	N;INS;SG;NDEF
бзэгу	бзэгу	N;NDEF;SG
бий	бийэхэ	N;NDEF;PL
бий	бийэхэмэ	N;ERG;PL;DEF
бий	бийэхыу	N;LGSPEC1;PL
бий	бийэм	N;ERG;SG;DEF
бий	бийэр	N;NOM;SG
бий	бийэхэр	N;NOM;PL
бий	бийыу	N;LGSPEC1;SG
бий	бийэхэмкӏэ	N;INS;PL;DEF
бий	бийэхэкӏэ	N;INS;PL;NDEF
бий	бийэмкӏэ	N;INS;SG;DEF
бий	бийэкӏэ	N;INS;SG;NDEF
бий	бийэ	N;NDEF;SG
быдзафэ	быдзафэхэ	ADJ;NDEF;PL
быдзафэ	быдзафэхэмэ	ADJ;ERG;PL;DEF
быдзафэ	быдзафэхыу	ADJ;LGSPEC1;PL
быдзафэ	быдзафэм	ADJ;ERG;SG;DEF
быдзафэ	быдзафэр	ADJ;NOM;SG;DEF
быдзафэ	быдзафэхэр	ADJ;NOM;PL;DEF
быдзафэ	быдзафэу	ADJ;LGSPEC1;SG
быдзафэ	быдзафэхэмкӏэ	ADJ;INS;PL;DEF
быдзафэ	быдзафэхэкӏэ	ADJ;INS;PL;NDEF
быдзафэ	быдзафэмкӏэ	ADJ;INS;SG;DEF
быдзафэ	быдзафэкӏэ	ADJ;INS;SG;NDEF
быдзафэ	быдзафэ	ADJ;NDEF;SG
быдзафэ	быдзафэхэ	N;NDEF;PL
быдзафэ	быдзафэхэмэ	N;ERG;PL;DEF
быдзафэ	быдзафэхыу	N;LGSPEC1;PL
быдзафэ	быдзафэм	N;ERG;SG;DEF
быдзафэ	быдзафэр	N;NOM;SG
быдзафэ	быдзафэхэр	N;NOM;PL
быдзафэ	быдзафэу	N;LGSPEC1;SG
быдзафэ	быдзафэхэмкӏэ	N;INS;PL;DEF
быдзафэ	быдзафэхэкӏэ	N;INS;PL;NDEF
быдзафэ	быдзафэмкӏэ	N;INS;SG;DEF
быдзафэ	быдзафэкӏэ	N;INS;SG;NDEF
быдзафэ	быдзафэ	N;NDEF;SG
бый	быйэхэ	N;NDEF;PL
бый	быйэхэмэ	N;ERG;PL;DEF
бый	быйэхыу	N;LGSPEC1;PL
бый	быйэм	N;ERG;SG;DEF
бый	быйэр	N;NOM;SG
бый	быйэхэр	N;NOM;PL
бый	быйыу	N;LGSPEC1;SG
бый	быйэхэмкӏэ	N;INS;PL;DEF
бый	быйэхэкӏэ	N;INS;PL;NDEF
бый	быйэмкӏэ	N;INS;SG;DEF
бый	быйэкӏэ	N;INS;SG;NDEF
бый	быйэ	N;NDEF;SG
бын	бынхэ	N;NDEF;PL
бын	бынхэмэ	N;ERG;PL;DEF
бын	бынхыу	N;LGSPEC1;PL
бын	бынм	N;ERG;SG;DEF
бын	бынр	N;NOM;SG
бын	бынхэр	N;NOM;PL
бын	быну	N;LGSPEC1;SG
бын	бынхэмкӏэ	N;INS;PL;DEF
бын	бынхэкӏэ	N;INS;PL;NDEF
бын	бынмкӏэ	N;INS;SG;DEF
бын	бынкӏэ	N;INS;SG;NDEF
бын	бын	N;NDEF;SG
бынжэ	бынжэхэ	N;NDEF;PL
бынжэ	бынжэхэмэ	N;ERG;PL;DEF
бынжэ	бынжэхыу	N;LGSPEC1;PL
бынжэ	бынжэм	N;ERG;SG;DEF
бынжэ	бынжэр	N;NOM;SG
бынжэ	бынжэхэр	N;NOM;PL
бынжэ	бынжэу	N;LGSPEC1;SG
бынжэ	бынжэхэмкӏэ	N;INS;PL;DEF
бынжэ	бынжэхэкӏэ	N;INS;PL;NDEF
бынжэ	бынжэмкӏэ	N;INS;SG;DEF
бынжэ	бынжэкӏэ	N;INS;SG;NDEF
бынжэ	бынжэ	N;NDEF;SG
вабдзэ	вабдзэхэ	N;NDEF;PL
вабдзэ	вабдзэхэмэ	N;ERG;PL;DEF
вабдзэ	вабдзэхыу	N;LGSPEC1;PL
вабдзэ	вабдзэм	N;ERG;SG;DEF
вабдзэ	вабдзэр	N;NOM;SG
вабдзэ	вабдзэхэр	N;NOM;PL
вабдзэ	вабдзэу	N;LGSPEC1;SG
вабдзэ	вабдзэхэмкӏэ	N;INS;PL;DEF
вабдзэ	вабдзэхэкӏэ	N;INS;PL;NDEF
вабдзэ	вабдзэмкӏэ	N;INS;SG;DEF
вабдзэ	вабдзэкӏэ	N;INS;SG;NDEF
вабдзэ	вабдзэ	N;NDEF;SG
вакъэ	вакъэхэр	N;NOM;PL
вакъэ	вакъэхэмкӏэ	N;INS;PL;DEF
вакъэ	вакъэхэкӏэ	N;INS;PL;NDEF
вакъэ	вакъэу	N;LGSPEC1;SG
вакъэ	вакъэр	N;NOM;SG
вакъэ	вакъэ	N;NDEF;SG
вакъэ	вакъэхыу	N;LGSPEC1;PL
вакъэ	вакъэхэ	N;NDEF;PL
вакъэ	вакъэмкӏэ	N;INS;SG;DEF
вакъэ	вакъэкӏэ	N;INS;SG;NDEF
вакъэ	вакъэхэмэ	N;ERG;PL;DEF
вакъэ	вакъэм	N;ERG;SG;DEF
гуахъуэ	гуахъуэхэ	N;NDEF;PL
гуахъуэ	гуахъуэхэмэ	N;ERG;PL;DEF
гуахъуэ	гуахъуэхыу	N;LGSPEC1;PL
гуахъуэ	гуахъуэм	N;ERG;SG;DEF
гуахъуэ	гуахъуэр	N;NOM;SG
гуахъуэ	гуахъуэхэр	N;NOM;PL
гуахъуэ	гуахъуэу	N;LGSPEC1;SG
гуахъуэ	гуахъуэхэмкӏэ	N;INS;PL;DEF
гуахъуэ	гуахъуэхэкӏэ	N;INS;PL;NDEF
гуахъуэ	гуахъуэмкӏэ	N;INS;SG;DEF
гуахъуэ	гуахъуэкӏэ	N;INS;SG;NDEF
гуахъуэ	гуахъуэ	N;NDEF;SG
гудэ	гудэхэ	N;NDEF;PL
гудэ	гудэхэмэ	N;ERG;PL;DEF
гудэ	гудэхыу	N;LGSPEC1;PL
гудэ	гудэм	N;ERG;SG;DEF
гудэ	гудэр	N;NOM;SG
гудэ	гудэхэр	N;NOM;PL
гудэ	гудэу	N;LGSPEC1;SG
гудэ	гудэхэмкӏэ	N;INS;PL;DEF
гудэ	гудэхэкӏэ	N;INS;PL;NDEF
гудэ	гудэмкӏэ	N;INS;SG;DEF
гудэ	гудэкӏэ	N;INS;SG;NDEF
гудэ	гудэ	N;NDEF;SG
гулъ	гулъэхэ	N;NDEF;PL
гулъ	гулъэхэмэ	N;ERG;PL;DEF
гулъ	гулъэхыу	N;LGSPEC1;PL
гулъ	гулъэм	N;ERG;SG;DEF
гулъ	гулъэр	N;NOM;SG
гулъ	гулъэхэр	N;NOM;PL
гулъ	гулъыу	N;LGSPEC1;SG
гулъ	гулъэхэмкӏэ	N;INS;PL;DEF
гулъ	гулъэхэкӏэ	N;INS;PL;NDEF
гулъ	гулъэмкӏэ	N;INS;SG;DEF
гулъ	гулъэкӏэ	N;INS;SG;NDEF
гулъ	гулъэ	N;NDEF;SG
гуэгуэн	гуэгуэнэхэ	N;NDEF;PL
гуэгуэн	гуэгуэнэхэмэ	N;ERG;PL;DEF
гуэгуэн	гуэгуэнэхыу	N;LGSPEC1;PL
гуэгуэн	гуэгуэнэм	N;ERG;SG;DEF
гуэгуэн	гуэгуэнэр	N;NOM;SG
гуэгуэн	гуэгуэнэхэр	N;NOM;PL
гуэгуэн	гуэгуэныу	N;LGSPEC1;SG
гуэгуэн	гуэгуэнэхэмкӏэ	N;INS;PL;DEF
гуэгуэн	гуэгуэнэхэкӏэ	N;INS;PL;NDEF
гуэгуэн	гуэгуэнэмкӏэ	N;INS;SG;DEF
гуэгуэн	гуэгуэнэкӏэ	N;INS;SG;NDEF
гуэгуэн	гуэгуэнэ	N;NDEF;SG
гуэл	гуэлэхэ	N;NDEF;PL
гуэл	гуэлэхэмэ	N;ERG;PL;DEF
гуэл	гуэлэхыу	N;LGSPEC1;PL
гуэл	гуэлэм	N;ERG;SG;DEF
гуэл	гуэлэр	N;NOM;SG
гуэл	гуэлэхэр	N;NOM;PL
гуэл	гуэлыу	N;LGSPEC1;SG
гуэл	гуэлэхэмкӏэ	N;INS;PL;DEF
гуэл	гуэлэхэкӏэ	N;INS;PL;NDEF
гуэл	гуэлэмкӏэ	N;INS;SG;DEF
гуэл	гуэлэкӏэ	N;INS;SG;NDEF
гуэл	гуэлэ	N;NDEF;SG
гуэныхь	гуэныхьэхэ	N;NDEF;PL
гуэныхь	гуэныхьэхэмэ	N;ERG;PL;DEF
гуэныхь	гуэныхьэхыу	N;LGSPEC1;PL
гуэныхь	гуэныхьэм	N;ERG;SG;DEF
гуэныхь	гуэныхьэр	N;NOM;SG
гуэныхь	гуэныхьэхэр	N;NOM;PL
гуэныхь	гуэныхьыу	N;LGSPEC1;SG
гуэныхь	гуэныхьэхэмкӏэ	N;INS;PL;DEF
гуэныхь	гуэныхьэхэкӏэ	N;INS;PL;NDEF
гуэныхь	гуэныхьэмкӏэ	N;INS;SG;DEF
гуэныхь	гуэныхьэкӏэ	N;INS;SG;NDEF
гуэныхь	гуэныхьэ	N;NDEF;SG
гъуджэ	гъуджэхэ	N;NDEF;PL
гъуджэ	гъуджэхэмэ	N;ERG;PL;DEF
гъуджэ	гъуджэхыу	N;LGSPEC1;PL
гъуджэ	гъуджэм	N;ERG;SG;DEF
гъуджэ	гъуджэр	N;NOM;SG
гъуджэ	гъуджэхэр	N;NOM;PL
гъуджэ	гъуджэу	N;LGSPEC1;SG
гъуджэ	гъуджэхэмкӏэ	N;INS;PL;DEF
гъуджэ	гъуджэхэкӏэ	N;INS;PL;NDEF
гъуджэ	гъуджэмкӏэ	N;INS;SG;DEF
гъуджэ	гъуджэкӏэ	N;INS;SG;NDEF
гъуджэ	гъуджэ	N;NDEF;SG
гъунэгъу	гъунэгъуэхэ	N;NDEF;PL
гъунэгъу	гъунэгъуэхэмэ	N;ERG;PL;DEF
гъунэгъу	гъунэгъухыу	N;LGSPEC1;PL
гъунэгъу	гъунэгъуэм	N;ERG;SG;DEF
гъунэгъу	гъунэгъуэр	N;NOM;SG
гъунэгъу	гъунэгъуэхэр	N;NOM;PL
гъунэгъу	гъунэгъуыу	N;LGSPEC1;SG
гъунэгъу	гъунэгъуэхэмкӏэ	N;INS;PL;DEF
гъунэгъу	гъунэгъуэхэкӏэ	N;INS;PL;NDEF
гъунэгъу	гъунэгъуэмкӏэ	N;INS;SG;DEF
гъунэгъу	гъунэгъуэкӏэ	N;INS;SG;NDEF
гъунэгъу	гъунэгъуэ	N;NDEF;SG
гъэ	гъэхэ	N;NDEF;PL
гъэ	гъэхэмэ	N;ERG;PL;DEF
гъэ	гъэхыу	N;LGSPEC1;PL
гъэ	гъэм	N;ERG;SG;DEF
гъэ	гъэр	N;NOM;SG
гъэ	гъэхэр	N;NOM;PL
гъэ	гъэу	N;LGSPEC1;SG
гъэ	гъэхэмкӏэ	N;INS;PL;DEF
гъэ	гъэхэкӏэ	N;INS;PL;NDEF
гъэ	гъэмкӏэ	N;INS;SG;DEF
гъэ	гъэкӏэ	N;INS;SG;NDEF
гъэ	гъэ	N;NDEF;SG
гъэдыргъ	гъэдыргъэхэ	N;NDEF;PL
гъэдыргъ	гъэдыргъэхэмэ	N;ERG;PL;DEF
гъэдыргъ	гъэдыргъэхыу	N;LGSPEC1;PL
гъэдыргъ	гъэдыргъэм	N;ERG;SG;DEF
гъэдыргъ	гъэдыргъэр	N;NOM;SG
гъэдыргъ	гъэдыргъэхэр	N;NOM;PL
гъэдыргъ	гъэдыргъыу	N;LGSPEC1;SG
гъэдыргъ	гъэдыргъэхэмкӏэ	N;INS;PL;DEF
гъэдыргъ	гъэдыргъэхэкӏэ	N;INS;PL;NDEF
гъэдыргъ	гъэдыргъэмкӏэ	N;INS;SG;DEF
гъэдыргъ	гъэдыргъэкӏэ	N;INS;SG;NDEF
гъэдыргъ	гъэдыргъэ	N;NDEF;SG
гъэмахуэ	гъэмахуэхэ	N;NDEF;PL
гъэмахуэ	гъэмахуэхэмэ	N;ERG;PL;DEF
гъэмахуэ	гъэмахуэхыу	N;LGSPEC1;PL
гъэмахуэ	гъэмахуэм	N;ERG;SG;DEF
гъэмахуэ	гъэмахуэр	N;NOM;SG
гъэмахуэ	гъэмахуэхэр	N;NOM;PL
гъэмахуэ	гъэмахуэу	N;LGSPEC1;SG
гъэмахуэ	гъэмахуэхэмкӏэ	N;INS;PL;DEF
гъэмахуэ	гъэмахуэхэкӏэ	N;INS;PL;NDEF
гъэмахуэ	гъэмахуэмкӏэ	N;INS;SG;DEF
гъэмахуэ	гъэмахуэкӏэ	N;INS;SG;NDEF
гъэмахуэ	гъэмахуэ	N;NDEF;SG
гэ	гэхэ	N;NDEF;PL
гэ	гэхэмэ	N;ERG;PL;DEF
гэ	гэхыу	N;LGSPEC1;PL
гэ	гэм	N;ERG;SG;DEF
гэ	гэр	N;NOM;SG
гэ	гэхэр	N;NOM;PL
гэ	гэу	N;LGSPEC1;SG
гэ	гэхэмкӏэ	N;INS;PL;DEF
гэ	гэхэкӏэ	N;INS;PL;NDEF
гэ	гэмкӏэ	N;INS;SG;DEF
гэ	гэкӏэ	N;INS;SG;NDEF
гэ	гэ	N;NDEF;SG
дакъэ	дакъэхэ	N;NDEF;PL
дакъэ	дакъэхэмэ	N;ERG;PL;DEF
дакъэ	дакъэхыу	N;LGSPEC1;PL
дакъэ	дакъэм	N;ERG;SG;DEF
дакъэ	дакъэр	N;NOM;SG
дакъэ	дакъэхэр	N;NOM;PL
дакъэ	дакъэу	N;LGSPEC1;SG
дакъэ	дакъэхэмкӏэ	N;INS;PL;DEF
дакъэ	дакъэхэкӏэ	N;INS;PL;NDEF
дакъэ	дакъэмкӏэ	N;INS;SG;DEF
дакъэ	дакъэкӏэ	N;INS;SG;NDEF
дакъэ	дакъэ	N;NDEF;SG
дарий	дарийэхэ	N;NDEF;PL
дарий	дарийэхэмэ	N;ERG;PL;DEF
дарий	дарийэхыу	N;LGSPEC1;PL
дарий	дарийэм	N;ERG;SG;DEF
дарий	дарийэр	N;NOM;SG
дарий	дарийэхэр	N;NOM;PL
дарий	дарийыу	N;LGSPEC1;SG
дарий	дарийэхэмкӏэ	N;INS;PL;DEF
дарий	дарийэхэкӏэ	N;INS;PL;NDEF
дарий	дарийэмкӏэ	N;INS;SG;DEF
дарий	дарийэкӏэ	N;INS;SG;NDEF
дарий	дарийэ	N;NDEF;SG
делэ	делэхэ	ADJ;NDEF;PL
делэ	делэхэмэ	ADJ;ERG;PL;DEF
делэ	делэхыу	ADJ;LGSPEC1;PL
делэ	делэм	ADJ;ERG;SG;DEF
делэ	делэр	ADJ;NOM;SG;DEF
делэ	делэхэр	ADJ;NOM;PL;DEF
делэ	делэу	ADJ;LGSPEC1;SG
делэ	делэхэмкӏэ	ADJ;INS;PL;DEF
делэ	делэхэкӏэ	ADJ;INS;PL;NDEF
делэ	делэмкӏэ	ADJ;INS;SG;DEF
делэ	делэкӏэ	ADJ;INS;SG;NDEF
делэ	делэ	ADJ;NDEF;SG
делэ	делэхэ	N;NDEF;PL
делэ	делэхэмэ	N;ERG;PL;DEF
делэ	делэхыу	N;LGSPEC1;PL
делэ	делэм	N;ERG;SG;DEF
делэ	делэр	N;NOM;SG
делэ	делэхэр	N;NOM;PL
делэ	делэу	N;LGSPEC1;SG
делэ	делэхэмкӏэ	N;INS;PL;DEF
делэ	делэхэкӏэ	N;INS;PL;NDEF
делэ	делэмкӏэ	N;INS;SG;DEF
делэ	делэкӏэ	N;INS;SG;NDEF
делэ	делэ	N;NDEF;SG
джанэ	джанэхэр	N;NOM;PL
джанэ	джанэхэмкӏэ	N;INS;PL;DEF
джанэ	джанэхэкӏэ	N;INS;PL;NDEF
джанэ	джанэу	N;LGSPEC1;SG
джанэ	джанэр	N;NOM;SG
джанэ	джанэ	N;NDEF;SG
джанэ	джанэхыу	N;LGSPEC1;PL
джанэ	джанэхэ	N;NDEF;PL
джанэ	джанэмкӏэ	N;INS;SG;DEF
джанэ	джанэкӏэ	N;INS;SG;NDEF
джанэ	джанэхэмэ	N;ERG;PL;DEF
джанэ	джанэм	N;ERG;SG;DEF
джей	джейэхэ	N;NDEF;PL
джей	джейэхэмэ	N;ERG;PL;DEF
джей	джейэхыу	N;LGSPEC1;PL
джей	джейэм	N;ERG;SG;DEF
джей	джейэр	N;NOM;SG
джей	джейэхэр	N;NOM;PL
джей	джейыу	N;LGSPEC1;SG
джей	джейэхэмкӏэ	N;INS;PL;DEF
джей	джейэхэкӏэ	N;INS;PL;NDEF
джей	джейэмкӏэ	N;INS;SG;DEF
джей	джейэкӏэ	N;INS;SG;NDEF
джей	джейэ	N;NDEF;SG
дзасэ	дзасэхэ	N;NDEF;PL
дзасэ	дзасэхэмэ	N;ERG;PL;DEF
дзасэ	дзасэхыу	N;LGSPEC1;PL
дзасэ	дзасэм	N;ERG;SG;DEF
дзасэ	дзасэр	N;NOM;SG
дзасэ	дзасэхэр	N;NOM;PL
дзасэ	дзасэу	N;LGSPEC1;SG
дзасэ	дзасэхэмкӏэ	N;INS;PL;DEF
дзасэ	дзасэхэкӏэ	N;INS;PL;NDEF
дзасэ	дзасэмкӏэ	N;INS;SG;DEF
дзасэ	дзасэкӏэ	N;INS;SG;NDEF
дзасэ	дзасэ	N;NDEF;SG
дзыдзэ	дзыдзэхэ	N;NDEF;PL
дзыдзэ	дзыдзэхэмэ	N;ERG;PL;DEF
дзыдзэ	дзыдзэхыу	N;LGSPEC1;PL
дзыдзэ	дзыдзэм	N;ERG;SG;DEF
дзыдзэ	дзыдзэр	N;NOM;SG
дзыдзэ	дзыдзэхэр	N;NOM;PL
дзыдзэ	дзыдзэу	N;LGSPEC1;SG
дзыдзэ	дзыдзэхэмкӏэ	N;INS;PL;DEF
дзыдзэ	дзыдзэхэкӏэ	N;INS;PL;NDEF
дзыдзэ	дзыдзэмкӏэ	N;INS;SG;DEF
дзыдзэ	дзыдзэкӏэ	N;INS;SG;NDEF
дзыдзэ	дзыдзэ	N;NDEF;SG
дзэ	дзэхэр	N;NOM;PL
дзэ	дзэхэмкӏэ	N;INS;PL;DEF
дзэ	дзэхэкӏэ	N;INS;PL;NDEF
дзэ	дзэу	N;LGSPEC1;SG
дзэ	дзэр	N;NOM;SG
дзэ	дзэ	N;NDEF;SG
дзэ	дзэхыу	N;LGSPEC1;PL
дзэ	дзэхэ	N;NDEF;PL
дзэ	дзэмкӏэ	N;INS;SG;DEF
дзэ	дзэкӏэ	N;INS;SG;NDEF
дзэ	дзэхэмэ	N;ERG;PL;DEF
дзэ	дзэм	N;ERG;SG;DEF
дзэл	дзэлэхэ	N;NDEF;PL
дзэл	дзэлэхэмэ	N;ERG;PL;DEF
дзэл	дзэлэхыу	N;LGSPEC1;PL
дзэл	дзэлэм	N;ERG;SG;DEF
дзэл	дзэлэр	N;NOM;SG
дзэл	дзэлэхэр	N;NOM;PL
дзэл	дзэлыу	N;LGSPEC1;SG
дзэл	дзэлэхэмкӏэ	N;INS;PL;DEF
дзэл	дзэлэхэкӏэ	N;INS;PL;NDEF
дзэл	дзэлэмкӏэ	N;INS;SG;DEF
дзэл	дзэлэкӏэ	N;INS;SG;NDEF
дзэл	дзэлэ	N;NDEF;SG
дыгъурыгъу	дыгъурыгъуэхэ	N;NDEF;PL
дыгъурыгъу	дыгъурыгъуэхэмэ	N;ERG;PL;DEF
дыгъурыгъу	дыгъурыгъухыу	N;LGSPEC1;PL
дыгъурыгъу	дыгъурыгъуэм	N;ERG;SG;DEF
дыгъурыгъу	дыгъурыгъуэр	N;NOM;SG
дыгъурыгъу	дыгъурыгъуэхэр	N;NOM;PL
дыгъурыгъу	дыгъурыгъуыу	N;LGSPEC1;SG
дыгъурыгъу	дыгъурыгъуэхэмкӏэ	N;INS;PL;DEF
дыгъурыгъу	дыгъурыгъуэхэкӏэ	N;INS;PL;NDEF
дыгъурыгъу	дыгъурыгъуэмкӏэ	N;INS;SG;DEF
дыгъурыгъу	дыгъурыгъуэкӏэ	N;INS;SG;NDEF
дыгъурыгъу	дыгъурыгъуэ	N;NDEF;SG
дыжьын	дыжьынэхэ	N;NDEF;PL
дыжьын	дыжьынэхэмэ	N;ERG;PL;DEF
дыжьын	дыжьынэхыу	N;LGSPEC1;PL
дыжьын	дыжьынэм	N;ERG;SG;DEF
дыжьын	дыжьынэр	N;NOM;SG
дыжьын	дыжьынэхэр	N;NOM;PL
дыжьын	дыжьыныу	N;LGSPEC1;SG
дыжьын	дыжьынэхэмкӏэ	N;INS;PL;DEF
дыжьын	дыжьынэхэкӏэ	N;INS;PL;NDEF
дыжьын	дыжьынэмкӏэ	N;INS;SG;DEF
дыжьын	дыжьынэкӏэ	N;INS;SG;NDEF
дыжьын	дыжьынэ	N;NDEF;SG
дыкъуакъуэ	дыкъуакъуэхэ	N;NDEF;PL
дыкъуакъуэ	дыкъуакъуэхэмэ	N;ERG;PL;DEF
дыкъуакъуэ	дыкъуакъуэхыу	N;LGSPEC1;PL
дыкъуакъуэ	дыкъуакъуэм	N;ERG;SG;DEF
дыкъуакъуэ	дыкъуакъуэр	N;NOM;SG
дыкъуакъуэ	дыкъуакъуэхэр	N;NOM;PL
дыкъуакъуэ	дыкъуакъуэу	N;LGSPEC1;SG
дыкъуакъуэ	дыкъуакъуэхэмкӏэ	N;INS;PL;DEF
дыкъуакъуэ	дыкъуакъуэхэкӏэ	N;INS;PL;NDEF
дыкъуакъуэ	дыкъуакъуэмкӏэ	N;INS;SG;DEF
дыкъуакъуэ	дыкъуакъуэкӏэ	N;INS;SG;NDEF
дыкъуакъуэ	дыкъуакъуэ	N;NDEF;SG
дыркъуэ	дыркъуэхэ	N;NDEF;PL
дыркъуэ	дыркъуэхэмэ	N;ERG;PL;DEF
дыркъуэ	дыркъуэхыу	N;LGSPEC1;PL
дыркъуэ	дыркъуэм	N;ERG;SG;DEF
дыркъуэ	дыркъуэр	N;NOM;SG
дыркъуэ	дыркъуэхэр	N;NOM;PL
дыркъуэ	дыркъуэу	N;LGSPEC1;SG
дыркъуэ	дыркъуэхэмкӏэ	N;INS;PL;DEF
дыркъуэ	дыркъуэхэкӏэ	N;INS;PL;NDEF
дыркъуэ	дыркъуэмкӏэ	N;INS;SG;DEF
дыркъуэ	дыркъуэкӏэ	N;INS;SG;NDEF
дыркъуэ	дыркъуэ	N;NDEF;SG
дэкун	дэкунэхэ	N;NDEF;PL
дэкун	дэкунэхэмэ	N;ERG;PL;DEF
дэкун	дэкунэхыу	N;LGSPEC1;PL
дэкун	дэкунэм	N;ERG;SG;DEF
дэкун	дэкунэр	N;NOM;SG
дэкун	дэкунэхэр	N;NOM;PL
дэкун	дэкуныу	N;LGSPEC1;SG
дэкун	дэкунэхэмкӏэ	N;INS;PL;DEF
дэкун	дэкунэхэкӏэ	N;INS;PL;NDEF
дэкун	дэкунэмкӏэ	N;INS;SG;DEF
дэкун	дэкунэкӏэ	N;INS;SG;NDEF
дэкун	дэкунэ	N;NDEF;SG
дэлъху	дэлъхуэхэ	N;NDEF;PL
дэлъху	дэлъхуэхэмэ	N;ERG;PL;DEF
дэлъху	дэлъхухыу	N;LGSPEC1;PL
дэлъху	дэлъхуэм	N;ERG;SG;DEF
дэлъху	дэлъхуэр	N;NOM;SG
дэлъху	дэлъхуэхэр	N;NOM;PL
дэлъху	дэлъхуыу	N;LGSPEC1;SG
дэлъху	дэлъхуэхэмкӏэ	N;INS;PL;DEF
дэлъху	дэлъхуэхэкӏэ	N;INS;PL;NDEF
дэлъху	дэлъхуэмкӏэ	N;INS;SG;DEF
дэлъху	дэлъхуэкӏэ	N;INS;SG;NDEF
дэлъху	дэлъхуэ	N;NDEF;SG
емыкӏу	емыкӏуэхэ	N;NDEF;PL
емыкӏу	емыкӏуэхэмэ	N;ERG;PL;DEF
емыкӏу	емыкӏухыу	N;LGSPEC1;PL
емыкӏу	емыкӏуэм	N;ERG;SG;DEF
емыкӏу	емыкӏуэр	N;NOM;SG
емыкӏу	емыкӏуэхэр	N;NOM;PL
емыкӏу	емыкӏуыу	N;LGSPEC1;SG
емыкӏу	емыкӏуэхэмкӏэ	N;INS;PL;DEF
емыкӏу	емыкӏуэхэкӏэ	N;INS;PL;NDEF
емыкӏу	емыкӏуэмкӏэ	N;INS;SG;DEF
емыкӏу	емыкӏуэкӏэ	N;INS;SG;NDEF
емыкӏу	емыкӏуэ	N;NDEF;SG
жыг	жыгэхэр	N;NOM;PL
жыг	жыгэхэмкӏэ	N;INS;PL;DEF
жыг	жыгэхэкӏэ	N;INS;PL;NDEF
жыг	жыгыу	N;LGSPEC1;SG
жыг	жыгэр	N;NOM;SG
жыг	жыгэ	N;NDEF;SG
жыг	жыгэхыу	N;LGSPEC1;PL
жыг	жыгэхэ	N;NDEF;PL
жыг	жыгэмкӏэ	N;INS;SG;DEF
жыг	жыгэкӏэ	N;INS;SG;NDEF
жыг	жыгэхэмэ	N;ERG;PL;DEF
жыг	жыгэм	N;ERG;SG;DEF
жьакӏэ	жьакӏэхэ	N;NDEF;PL
жьакӏэ	жьакӏэхэмэ	N;ERG;PL;DEF
жьакӏэ	жьакӏэхыу	N;LGSPEC1;PL
жьакӏэ	жьакӏэм	N;ERG;SG;DEF
жьакӏэ	жьакӏэр	N;NOM;SG
жьакӏэ	жьакӏэхэр	N;NOM;PL
жьакӏэ	жьакӏэу	N;LGSPEC1;SG
жьакӏэ	жьакӏэхэмкӏэ	N;INS;PL;DEF
жьакӏэ	жьакӏэхэкӏэ	N;INS;PL;NDEF
жьакӏэ	жьакӏэмкӏэ	N;INS;SG;DEF
жьакӏэ	жьакӏэкӏэ	N;INS;SG;NDEF
жьакӏэ	жьакӏэ	N;NDEF;SG
жьэ	жьэхэ	N;NDEF;PL
жьэ	жьэхэмэ	N;ERG;PL;DEF
жьэ	жьэхыу	N;LGSPEC1;PL
жьэ	жьэм	N;ERG;SG;DEF
жьэ	жьэр	N;NOM;SG
жьэ	жьэхэр	N;NOM;PL
жьэ	жьэу	N;LGSPEC1;SG
жьэ	жьэхэмкӏэ	N;INS;PL;DEF
жьэ	жьэхэкӏэ	N;INS;PL;NDEF
жьэ	жьэмкӏэ	N;INS;SG;DEF
жьэ	жьэкӏэ	N;INS;SG;NDEF
жьэ	жьэ	N;NDEF;SG
жэм	жэмхэ	N;NDEF;PL
жэм	жэмхэмэ	N;ERG;PL;DEF
жэм	жэмхыу	N;LGSPEC1;PL
жэм	жэмм	N;ERG;SG;DEF
жэм	жэмр	N;NOM;SG
жэм	жэмхэр	N;NOM;PL
жэм	жэму	N;LGSPEC1;SG
жэм	жэмхэмкӏэ	N;INS;PL;DEF
жэм	жэмхэкӏэ	N;INS;PL;NDEF
жэм	жэммкӏэ	N;INS;SG;DEF
жэм	жэмкӏэ	N;INS;SG;NDEF
жэм	жэм	N;NDEF;SG
жэщ	жэщэхэр	N;NOM;PL
жэщ	жэщэхэмкӏэ	N;INS;PL;DEF
жэщ	жэщэхэкӏэ	N;INS;PL;NDEF
жэщ	жэщыу	N;LGSPEC1;SG
жэщ	жэщэр	N;NOM;SG
жэщ	жэщэ	N;NDEF;SG
жэщ	жэщэхыу	N;LGSPEC1;PL
жэщ	жэщэхэ	N;NDEF;PL
жэщ	жэщэмкӏэ	N;INS;SG;DEF
жэщ	жэщэкӏэ	N;INS;SG;NDEF
жэщ	жэщэхэмэ	N;ERG;PL;DEF
жэщ	жэщэм	N;ERG;SG;DEF
зауэ	зауэхэ	N;NDEF;PL
зауэ	зауэхэмэ	N;ERG;PL;DEF
зауэ	зауэхыу	N;LGSPEC1;PL
зауэ	зауэм	N;ERG;SG;DEF
зауэ	зауэр	N;NOM;SG
зауэ	зауэхэр	N;NOM;PL
зауэ	зауэу	N;LGSPEC1;SG
зауэ	зауэхэмкӏэ	N;INS;PL;DEF
зауэ	зауэхэкӏэ	N;INS;PL;NDEF
зауэ	зауэмкӏэ	N;INS;SG;DEF
зауэ	зауэкӏэ	N;INS;SG;NDEF
зауэ	зауэ	N;NDEF;SG
ижь	ижьэхэ	N;NDEF;PL
ижь	ижьэхэмэ	N;ERG;PL;DEF
ижь	ижьэхыу	N;LGSPEC1;PL
ижь	ижьэм	N;ERG;SG;DEF
ижь	ижьэр	N;NOM;SG
ижь	ижьэхэр	N;NOM;PL
ижь	ижьыу	N;LGSPEC1;SG
ижь	ижьэхэмкӏэ	N;INS;PL;DEF
ижь	ижьэхэкӏэ	N;INS;PL;NDEF
ижь	ижьэмкӏэ	N;INS;SG;DEF
ижь	ижьэкӏэ	N;INS;SG;NDEF
ижь	ижьэ	N;NDEF;SG
илъэс	илъэсхэр	N;NOM;PL
илъэс	илъэсхэмкӏэ	N;INS;PL;DEF
илъэс	илъэсхэкӏэ	N;INS;PL;NDEF
илъэс	илъэсу	N;LGSPEC1;SG
илъэс	илъэср	N;NOM;SG
илъэс	илъэс	N;NDEF;SG
илъэс	илъэсхыу	N;LGSPEC1;PL
илъэс	илъэсхэ	N;NDEF;PL
илъэс	илъэсмкӏэ	N;INS;SG;DEF
илъэс	илъэскӏэ	N;INS;SG;NDEF
илъэс	илъэсхэмэ	N;ERG;PL;DEF
илъэс	илъэсм	N;ERG;SG;DEF
ко	кохэ	N;NDEF;PL
ко	кохэмэ	N;ERG;PL;DEF
ко	кохыу	N;LGSPEC1;PL
ко	ком	N;ERG;SG;DEF
ко	кор	N;NOM;SG
ко	кохэр	N;NOM;PL
ко	коу	N;LGSPEC1;SG
ко	кохэмкӏэ	N;INS;PL;DEF
ко	кохэкӏэ	N;INS;PL;NDEF
ко	комкӏэ	N;INS;SG;DEF
ко	кокӏэ	N;INS;SG;NDEF
ко	ко	N;NDEF;SG
кхъуей	кхъуейхэ	N;NDEF;PL
кхъуей	кхъуейхэмэ	N;ERG;PL;DEF
кхъуей	кхъуейхыу	N;LGSPEC1;PL
кхъуей	кхъуейм	N;ERG;SG;DEF
кхъуей	кхъуейр	N;NOM;SG
кхъуей	кхъуейхэр	N;NOM;PL
кхъуей	кхъуейу	N;LGSPEC1;SG
кхъуей	кхъуейхэмкӏэ	N;INS;PL;DEF
кхъуей	кхъуейхэкӏэ	N;INS;PL;NDEF
кхъуей	кхъуеймкӏэ	N;INS;SG;DEF
кхъуей	кхъуейкӏэ	N;INS;SG;NDEF
кхъуей	кхъуей	N;NDEF;SG
кхъужьы	кхъужьыхэр	N;NOM;PL
кхъужьы	кхъужьыхэмкӏэ	N;INS;PL;DEF
кхъужьы	кхъужьыхэкӏэ	N;INS;PL;NDEF
кхъужьы	кхъужьымкӏэ	N;INS;SG;DEF
кхъужьы	кхъужьыкӏэ	N;INS;SG;NDEF
кхъужьы	кхъужьым	N;ERG;SG;DEF
кхъужьы	кхъужьыхэмэ	N;ERG;PL;DEF
кхъужьы	кхъужьыхыу	N;LGSPEC1;PL
кхъужьы	кхъужьыу	N;LGSPEC1;SG
кхъужьы	кхъужьыр	N;NOM;SG
къаз	къазэхэ	N;NDEF;PL
къаз	къазэхэмэ	N;ERG;PL;DEF
къаз	къазэхыу	N;LGSPEC1;PL
къаз	къазэм	N;ERG;SG;DEF
къаз	къазэр	N;NOM;SG
къаз	къазэхэр	N;NOM;PL
къаз	къазыу	N;LGSPEC1;SG
къаз	къазэхэмкӏэ	N;INS;PL;DEF
къаз	къазэхэкӏэ	N;INS;PL;NDEF
къаз	къазэмкӏэ	N;INS;SG;DEF
къаз	къазэкӏэ	N;INS;SG;NDEF
къаз	къазэ	N;NDEF;SG
къалэ	къалэхэр	N;NOM;PL
къалэ	къалэхэмкӏэ	N;INS;PL;DEF
къалэ	къалэхэкӏэ	N;INS;PL;NDEF
къалэ	къалэу	N;LGSPEC1;SG
къалэ	къалэр	N;NOM;SG
къалэ	къалэ	N;NDEF;SG
къалэ	къалэхыу	N;LGSPEC1;PL
къалэ	къалэхэ	N;NDEF;PL
къалэ	къалэмкӏэ	N;INS;SG;DEF
къалэ	къалэкӏэ	N;INS;SG;NDEF
къалэ	къалэхэмэ	N;ERG;PL;DEF
къалэ	къалэм	N;ERG;SG;DEF
къамэ	къамэхэ	N;NDEF;PL
къамэ	къамэхэмэ	N;ERG;PL;DEF
къамэ	къамэхыу	N;LGSPEC1;PL
къамэ	къамэм	N;ERG;SG;DEF
къамэ	къамэр	N;NOM;SG
къамэ	къамэхэр	N;NOM;PL
къамэ	къамэу	N;LGSPEC1;SG
къамэ	къамэхэмкӏэ	N;INS;PL;DEF
къамэ	къамэхэкӏэ	N;INS;PL;NDEF
къамэ	къамэмкӏэ	N;INS;SG;DEF
къамэ	къамэкӏэ	N;INS;SG;NDEF
къамэ	къамэ	N;NDEF;SG
къуалэбзу	къуалэбзуэхэ	N;NDEF;PL
къуалэбзу	къуалэбзуэхэмэ	N;ERG;PL;DEF
къуалэбзу	къуалэбзухыу	N;LGSPEC1;PL
къуалэбзу	къуалэбзуэм	N;ERG;SG;DEF
къуалэбзу	къуалэбзуэр	N;NOM;SG
къуалэбзу	къуалэбзуэхэр	N;NOM;PL
къуалэбзу	къуалэбзуыу	N;LGSPEC1;SG
къуалэбзу	къуалэбзуэхэмкӏэ	N;INS;PL;DEF
къуалэбзу	къуалэбзуэхэкӏэ	N;INS;PL;NDEF
къуалэбзу	къуалэбзуэмкӏэ	N;INS;SG;DEF
къуалэбзу	къуалэбзуэкӏэ	N;INS;SG;NDEF
къуалэбзу	къуалэбзуэ	N;NDEF;SG
къуапсэ	къуапсэхэ	N;NDEF;PL
къуапсэ	къуапсэхэмэ	N;ERG;PL;DEF
къуапсэ	къуапсэхыу	N;LGSPEC1;PL
къуапсэ	къуапсэм	N;ERG;SG;DEF
къуапсэ	къуапсэр	N;NOM;SG
къуапсэ	къуапсэхэр	N;NOM;PL
къуапсэ	къуапсэу	N;LGSPEC1;SG
къуапсэ	къуапсэхэмкӏэ	N;INS;PL;DEF
къуапсэ	къуапсэхэкӏэ	N;INS;PL;NDEF
къуапсэ	къуапсэмкӏэ	N;INS;SG;DEF
къуапсэ	къуапсэкӏэ	N;INS;SG;NDEF
къуапсэ	къуапсэ	N;NDEF;SG
къулыкъу	къулыкъуэхэ	N;NDEF;PL
къулыкъу	къулыкъуэхэмэ	N;ERG;PL;DEF
къулыкъу	къулыкъухыу	N;LGSPEC1;PL
къулыкъу	къулыкъуэм	N;ERG;SG;DEF
къулыкъу	къулыкъуэр	N;NOM;SG
къулыкъу	къулыкъуэхэр	N;NOM;PL
къулыкъу	къулыкъуыу	N;LGSPEC1;SG
къулыкъу	къулыкъуэхэмкӏэ	N;INS;PL;DEF
къулыкъу	къулыкъуэхэкӏэ	N;INS;PL;NDEF
къулыкъу	къулыкъуэмкӏэ	N;INS;SG;DEF
къулыкъу	къулыкъуэкӏэ	N;INS;SG;NDEF
къулыкъу	къулыкъуэ	N;NDEF;SG
къупщхьэ	къупщхьэхэ	N;NDEF;PL
къупщхьэ	къупщхьэхэмэ	N;ERG;PL;DEF
къупщхьэ	къупщхьэхыу	N;LGSPEC1;PL
къупщхьэ	къупщхьэм	N;ERG;SG;DEF
къупщхьэ	къупщхьэр	N;NOM;SG
къупщхьэ	къупщхьэхэр	N;NOM;PL
къупщхьэ	къупщхьэу	N;LGSPEC1;SG
къупщхьэ	къупщхьэхэмкӏэ	N;INS;PL;DEF
къупщхьэ	къупщхьэхэкӏэ	N;INS;PL;NDEF
къупщхьэ	къупщхьэмкӏэ	N;INS;SG;DEF
къупщхьэ	къупщхьэкӏэ	N;INS;SG;NDEF
къупщхьэ	къупщхьэ	N;NDEF;SG
къухьэпIэ	къухьэпIэхэ	N;NDEF;PL
къухьэпIэ	къухьэпIэхэмэ	N;ERG;PL;DEF
къухьэпIэ	къухьэпIэхыу	N;LGSPEC1;PL
къухьэпIэ	къухьэпIэм	N;ERG;SG;DEF
къухьэпIэ	къухьэпIэр	N;NOM;SG
къухьэпIэ	къухьэпIэхэр	N;NOM;PL
къухьэпIэ	къухьэпIэу	N;LGSPEC1;SG
къухьэпIэ	къухьэпIэхэмкӏэ	N;INS;PL;DEF
къухьэпIэ	къухьэпIэхэкӏэ	N;INS;PL;NDEF
къухьэпIэ	къухьэпIэмкӏэ	N;INS;SG;DEF
къухьэпIэ	къухьэпIэкӏэ	N;INS;SG;NDEF
къухьэпIэ	къухьэпIэ	N;NDEF;SG
къущхьэ	къущхьэхэ	N;NDEF;PL
къущхьэ	къущхьэхэмэ	N;ERG;PL;DEF
къущхьэ	къущхьэхыу	N;LGSPEC1;PL
къущхьэ	къущхьэм	N;ERG;SG;DEF
къущхьэ	къущхьэр	N;NOM;SG
къущхьэ	къущхьэхэр	N;NOM;PL
къущхьэ	къущхьэу	N;LGSPEC1;SG
къущхьэ	къущхьэхэмкӏэ	N;INS;PL;DEF
къущхьэ	къущхьэхэкӏэ	N;INS;PL;NDEF
къущхьэ	къущхьэмкӏэ	N;INS;SG;DEF
къущхьэ	къущхьэкӏэ	N;INS;SG;NDEF
къущхьэ	къущхьэ	N;NDEF;SG
къыкъ	къыкъэхэ	N;NDEF;PL
къыкъ	къыкъэхэмэ	N;ERG;PL;DEF
къыкъ	къыкъэхыу	N;LGSPEC1;PL
къыкъ	къыкъэм	N;ERG;SG;DEF
къыкъ	къыкъэр	N;NOM;SG
къыкъ	къыкъэхэр	N;NOM;PL
къыкъ	къыкъыу	N;LGSPEC1;SG
къыкъ	къыкъэхэмкӏэ	N;INS;PL;DEF
къыкъ	къыкъэхэкӏэ	N;INS;PL;NDEF
къыкъ	къыкъэмкӏэ	N;INS;SG;DEF
къыкъ	къыкъэкӏэ	N;INS;SG;NDEF
къыкъ	къыкъэ	N;NDEF;SG
къыу	къыуэхэ	N;NDEF;PL
къыу	къыуэхэмэ	N;ERG;PL;DEF
къыу	къыухыу	N;LGSPEC1;PL
къыу	къыуэм	N;ERG;SG;DEF
къыу	къыуэр	N;NOM;SG
къыу	къыуэхэр	N;NOM;PL
къыу	къыуыу	N;LGSPEC1;SG
къыу	къыуэхэмкӏэ	N;INS;PL;DEF
къыу	къыуэхэкӏэ	N;INS;PL;NDEF
къыу	къыуэмкӏэ	N;INS;SG;DEF
къыу	къыуэкӏэ	N;INS;SG;NDEF
къыу	къыуэ	N;NDEF;SG
къыщалъхуа махуэ	къыщалъхуа махуэхэ	N;NDEF;PL
къыщалъхуа махуэ	къыщалъхуа махуэхэмэ	N;ERG;PL;DEF
къыщалъхуа махуэ	къыщалъхуа махуэхыу	N;LGSPEC1;PL
къыщалъхуа махуэ	къыщалъхуа махуэм	N;ERG;SG;DEF
къыщалъхуа махуэ	къыщалъхуа махуэр	N;NOM;SG
къыщалъхуа махуэ	къыщалъхуа махуэхэр	N;NOM;PL
къыщалъхуа махуэ	къыщалъхуа махуэу	N;LGSPEC1;SG
къыщалъхуа махуэ	къыщалъхуа махуэхэмкӏэ	N;INS;PL;DEF
къыщалъхуа махуэ	къыщалъхуа махуэхэкӏэ	N;INS;PL;NDEF
къыщалъхуа махуэ	къыщалъхуа махуэмкӏэ	N;INS;SG;DEF
къыщалъхуа махуэ	къыщалъхуа махуэкӏэ	N;INS;SG;NDEF
къыщалъхуа махуэ	къыщалъхуа махуэ	N;NDEF;SG
къэбы	къэбыхэр	N;NOM;PL
къэбы	къэбыхэмкӏэ	N;INS;PL;DEF
къэбы	къэбыхэкӏэ	N;INS;PL;NDEF
къэбы	къэбымкӏэ	N;INS;SG;DEF
къэбы	къэбыкӏэ	N;INS;SG;NDEF
къэбы	къэбым	N;ERG;SG;DEF
къэбы	къэбыхэмэ	N;ERG;PL;DEF
къэбы	къэбыхыу	N;LGSPEC1;PL
къэбы	къэбыу	N;LGSPEC1;SG
къэбы	къэбыр	N;NOM;SG
кӏагъэпшагъэ	кӏагъэпшагъэхэ	N;NDEF;PL
кӏагъэпшагъэ	кӏагъэпшагъэхэмэ	N;ERG;PL;DEF
кӏагъэпшагъэ	кӏагъэпшагъэхыу	N;LGSPEC1;PL
кӏагъэпшагъэ	кӏагъэпшагъэм	N;ERG;SG;DEF
кӏагъэпшагъэ	кӏагъэпшагъэр	N;NOM;SG
кӏагъэпшагъэ	кӏагъэпшагъэхэр	N;NOM;PL
кӏагъэпшагъэ	кӏагъэпшагъэу	N;LGSPEC1;SG
кӏагъэпшагъэ	кӏагъэпшагъэхэмкӏэ	N;INS;PL;DEF
кӏагъэпшагъэ	кӏагъэпшагъэхэкӏэ	N;INS;PL;NDEF
кӏагъэпшагъэ	кӏагъэпшагъэмкӏэ	N;INS;SG;DEF
кӏагъэпшагъэ	кӏагъэпшагъэкӏэ	N;INS;SG;NDEF
кӏагъэпшагъэ	кӏагъэпшагъэ	N;NDEF;SG
кӏуасэ	кӏуасэхэ	N;NDEF;PL
кӏуасэ	кӏуасэхэмэ	N;ERG;PL;DEF
кӏуасэ	кӏуасэхыу	N;LGSPEC1;PL
кӏуасэ	кӏуасэм	N;ERG;SG;DEF
кӏуасэ	кӏуасэр	N;NOM;SG
кӏуасэ	кӏуасэхэр	N;NOM;PL
кӏуасэ	кӏуасэу	N;LGSPEC1;SG
кӏуасэ	кӏуасэхэмкӏэ	N;INS;PL;DEF
кӏуасэ	кӏуасэхэкӏэ	N;INS;PL;NDEF
кӏуасэ	кӏуасэмкӏэ	N;INS;SG;DEF
кӏуасэ	кӏуасэкӏэ	N;INS;SG;NDEF
кӏуасэ	кӏуасэ	N;NDEF;SG
кӏэ	кӏэхэ	N;NDEF;PL
кӏэ	кӏэхэмэ	N;ERG;PL;DEF
кӏэ	кӏэхыу	N;LGSPEC1;PL
кӏэ	кӏэм	N;ERG;SG;DEF
кӏэ	кӏэр	N;NOM;SG
кӏэ	кӏэхэр	N;NOM;PL
кӏэ	кӏэу	N;LGSPEC1;SG
кӏэ	кӏэхэмкӏэ	N;INS;PL;DEF
кӏэ	кӏэхэкӏэ	N;INS;PL;NDEF
кӏэ	кӏэмкӏэ	N;INS;SG;DEF
кӏэ	кӏэкӏэ	N;INS;SG;NDEF
кӏэ	кӏэ	N;NDEF;SG
лъагъуныгъэ	лъагъуныгъэхэ	N;NDEF;PL
лъагъуныгъэ	лъагъуныгъэхэмэ	N;ERG;PL;DEF
лъагъуныгъэ	лъагъуныгъэхыу	N;LGSPEC1;PL
лъагъуныгъэ	лъагъуныгъэм	N;ERG;SG;DEF
лъагъуныгъэ	лъагъуныгъэр	N;NOM;SG
лъагъуныгъэ	лъагъуныгъэхэр	N;NOM;PL
лъагъуныгъэ	лъагъуныгъэу	N;LGSPEC1;SG
лъагъуныгъэ	лъагъуныгъэхэмкӏэ	N;INS;PL;DEF
лъагъуныгъэ	лъагъуныгъэхэкӏэ	N;INS;PL;NDEF
лъагъуныгъэ	лъагъуныгъэмкӏэ	N;INS;SG;DEF
лъагъуныгъэ	лъагъуныгъэкӏэ	N;INS;SG;NDEF
лъагъуныгъэ	лъагъуныгъэ	N;NDEF;SG
лъапцӏэ	лъапцӏэхэ	ADJ;NDEF;PL
лъапцӏэ	лъапцӏэхэмэ	ADJ;ERG;PL;DEF
лъапцӏэ	лъапцӏэхыу	ADJ;LGSPEC1;PL
лъапцӏэ	лъапцӏэм	ADJ;ERG;SG;DEF
лъапцӏэ	лъапцӏэр	ADJ;NOM;SG;DEF
лъапцӏэ	лъапцӏэхэр	ADJ;NOM;PL;DEF
лъапцӏэ	лъапцӏэу	ADJ;LGSPEC1;SG
лъапцӏэ	лъапцӏэхэмкӏэ	ADJ;INS;PL;DEF
лъапцӏэ	лъапцӏэхэкӏэ	ADJ;INS;PL;NDEF
лъапцӏэ	лъапцӏэмкӏэ	ADJ;INS;SG;DEF
лъапцӏэ	лъапцӏэкӏэ	ADJ;INS;SG;NDEF
лъапцӏэ	лъапцӏэ	ADJ;NDEF;SG
лъащхьэдий	лъащхьэдийэхэ	N;NDEF;PL
лъащхьэдий	лъащхьэдийэхэмэ	N;ERG;PL;DEF
лъащхьэдий	лъащхьэдийэхыу	N;LGSPEC1;PL
лъащхьэдий	лъащхьэдийэм	N;ERG;SG;DEF
лъащхьэдий	лъащхьэдийэр	N;NOM;SG
лъащхьэдий	лъащхьэдийэхэр	N;NOM;PL
лъащхьэдий	лъащхьэдийыу	N;LGSPEC1;SG
лъащхьэдий	лъащхьэдийэхэмкӏэ	N;INS;PL;DEF
лъащхьэдий	лъащхьэдийэхэкӏэ	N;INS;PL;NDEF
лъащхьэдий	лъащхьэдийэмкӏэ	N;INS;SG;DEF
лъащхьэдий	лъащхьэдийэкӏэ	N;INS;SG;NDEF
лъащхьэдий	лъащхьэдийэ	N;NDEF;SG
лъэгуажьэ	лъэгуажьэхэ	N;NDEF;PL
лъэгуажьэ	лъэгуажьэхэмэ	N;ERG;PL;DEF
лъэгуажьэ	лъэгуажьэхыу	N;LGSPEC1;PL
лъэгуажьэ	лъэгуажьэм	N;ERG;SG;DEF
лъэгуажьэ	лъэгуажьэр	N;NOM;SG
лъэгуажьэ	лъэгуажьэхэр	N;NOM;PL
лъэгуажьэ	лъэгуажьэу	N;LGSPEC1;SG
лъэгуажьэ	лъэгуажьэхэмкӏэ	N;INS;PL;DEF
лъэгуажьэ	лъэгуажьэхэкӏэ	N;INS;PL;NDEF
лъэгуажьэ	лъэгуажьэмкӏэ	N;INS;SG;DEF
лъэгуажьэ	лъэгуажьэкӏэ	N;INS;SG;NDEF
лъэгуажьэ	лъэгуажьэ	N;NDEF;SG
лъэдий	лъэдийэхэ	N;NDEF;PL
лъэдий	лъэдийэхэмэ	N;ERG;PL;DEF
лъэдий	лъэдийэхыу	N;LGSPEC1;PL
лъэдий	лъэдийэм	N;ERG;SG;DEF
лъэдий	лъэдийэр	N;NOM;SG
лъэдий	лъэдийэхэр	N;NOM;PL
лъэдий	лъэдийыу	N;LGSPEC1;SG
лъэдий	лъэдийэхэмкӏэ	N;INS;PL;DEF
лъэдий	лъэдийэхэкӏэ	N;INS;PL;NDEF
лъэдий	лъэдийэмкӏэ	N;INS;SG;DEF
лъэдий	лъэдийэкӏэ	N;INS;SG;NDEF
лъэдий	лъэдийэ	N;NDEF;SG
лъэнкӏапӏ	лъэнкӏапӏэхэ	N;NDEF;PL
лъэнкӏапӏ	лъэнкӏапӏэхэмэ	N;ERG;PL;DEF
лъэнкӏапӏ	лъэнкӏапӏэхыу	N;LGSPEC1;PL
лъэнкӏапӏ	лъэнкӏапӏэм	N;ERG;SG;DEF
лъэнкӏапӏ	лъэнкӏапӏэр	N;NOM;SG
лъэнкӏапӏ	лъэнкӏапӏэхэр	N;NOM;PL
лъэнкӏапӏ	лъэнкӏапӏыу	N;LGSPEC1;SG
лъэнкӏапӏ	лъэнкӏапӏэхэмкӏэ	N;INS;PL;DEF
лъэнкӏапӏ	лъэнкӏапӏэхэкӏэ	N;INS;PL;NDEF
лъэнкӏапӏ	лъэнкӏапӏэмкӏэ	N;INS;SG;DEF
лъэнкӏапӏ	лъэнкӏапӏэкӏэ	N;INS;SG;NDEF
лъэнкӏапӏ	лъэнкӏапӏэ	N;NDEF;SG
лъэпэд	лъэпэдэхэ	N;NDEF;PL
лъэпэд	лъэпэдэхэмэ	N;ERG;PL;DEF
лъэпэд	лъэпэдэхыу	N;LGSPEC1;PL
лъэпэд	лъэпэдэм	N;ERG;SG;DEF
лъэпэд	лъэпэдэр	N;NOM;SG
лъэпэд	лъэпэдэхэр	N;NOM;PL
лъэпэд	лъэпэдыу	N;LGSPEC1;SG
лъэпэд	лъэпэдэхэмкӏэ	N;INS;PL;DEF
лъэпэд	лъэпэдэхэкӏэ	N;INS;PL;NDEF
лъэпэд	лъэпэдэмкӏэ	N;INS;SG;DEF
лъэпэд	лъэпэдэкӏэ	N;INS;SG;NDEF
лъэпэд	лъэпэдэ	N;NDEF;SG
лэгъупэжь	лэгъупэжьэхэ	N;NDEF;PL
лэгъупэжь	лэгъупэжьэхэмэ	N;ERG;PL;DEF
лэгъупэжь	лэгъупэжьэхыу	N;LGSPEC1;PL
лэгъупэжь	лэгъупэжьэм	N;ERG;SG;DEF
лэгъупэжь	лэгъупэжьэр	N;NOM;SG
лэгъупэжь	лэгъупэжьэхэр	N;NOM;PL
лэгъупэжь	лэгъупэжьыу	N;LGSPEC1;SG
лэгъупэжь	лэгъупэжьэхэмкӏэ	N;INS;PL;DEF
лэгъупэжь	лэгъупэжьэхэкӏэ	N;INS;PL;NDEF
лэгъупэжь	лэгъупэжьэмкӏэ	N;INS;SG;DEF
лэгъупэжь	лэгъупэжьэкӏэ	N;INS;SG;NDEF
лэгъупэжь	лэгъупэжьэ	N;NDEF;SG
лӏыжьы	лӏыжьыхэр	N;NOM;PL
лӏыжьы	лӏыжьыхэмкӏэ	N;INS;PL;DEF
лӏыжьы	лӏыжьыхэкӏэ	N;INS;PL;NDEF
лӏыжьы	лӏыжьымкӏэ	N;INS;SG;DEF
лӏыжьы	лӏыжьыкӏэ	N;INS;SG;NDEF
лӏыжьы	лӏыжьым	N;ERG;SG;DEF
лӏыжьы	лӏыжьыхэмэ	N;ERG;PL;DEF
лӏыжьы	лӏыжьыхыу	N;LGSPEC1;PL
лӏыжьы	лӏыжьыу	N;LGSPEC1;SG
лӏыжьы	лӏыжьыр	N;NOM;SG
лӏэныгъ	лӏэныгъэхэ	N;NDEF;PL
лӏэныгъ	лӏэныгъэхэмэ	N;ERG;PL;DEF
лӏэныгъ	лӏэныгъэхыу	N;LGSPEC1;PL
лӏэныгъ	лӏэныгъэм	N;ERG;SG;DEF
лӏэныгъ	лӏэныгъэр	N;NOM;SG
лӏэныгъ	лӏэныгъэхэр	N;NOM;PL
лӏэныгъ	лӏэныгъыу	N;LGSPEC1;SG
лӏэныгъ	лӏэныгъэхэмкӏэ	N;INS;PL;DEF
лӏэныгъ	лӏэныгъэхэкӏэ	N;INS;PL;NDEF
лӏэныгъ	лӏэныгъэмкӏэ	N;INS;SG;DEF
лӏэныгъ	лӏэныгъэкӏэ	N;INS;SG;NDEF
лӏэныгъ	лӏэныгъэ	N;NDEF;SG
мазэ	мазэхэр	N;NOM;PL
мазэ	мазэхэмкӏэ	N;INS;PL;DEF
мазэ	мазэхэкӏэ	N;INS;PL;NDEF
мазэ	мазэу	N;LGSPEC1;SG
мазэ	мазэр	N;NOM;SG
мазэ	мазэ	N;NDEF;SG
мазэ	мазэхыу	N;LGSPEC1;PL
мазэ	мазэхэ	N;NDEF;PL
мазэ	мазэмкӏэ	N;INS;SG;DEF
мазэ	мазэкӏэ	N;INS;SG;NDEF
мазэ	мазэхэмэ	N;ERG;PL;DEF
мазэ	мазэм	N;ERG;SG;DEF
малъхъэ	малъхъэхэ	N;NDEF;PL
малъхъэ	малъхъэхэмэ	N;ERG;PL;DEF
малъхъэ	малъхъэхыу	N;LGSPEC1;PL
малъхъэ	малъхъэм	N;ERG;SG;DEF
малъхъэ	малъхъэр	N;NOM;SG
малъхъэ	малъхъэхэр	N;NOM;PL
малъхъэ	малъхъэу	N;LGSPEC1;SG
малъхъэ	малъхъэхэмкӏэ	N;INS;PL;DEF
малъхъэ	малъхъэхэкӏэ	N;INS;PL;NDEF
малъхъэ	малъхъэмкӏэ	N;INS;SG;DEF
малъхъэ	малъхъэкӏэ	N;INS;SG;NDEF
малъхъэ	малъхъэ	N;NDEF;SG
мафӏэ	мафӏэхэ	N;NDEF;PL
мафӏэ	мафӏэхэмэ	N;ERG;PL;DEF
мафӏэ	мафӏэхыу	N;LGSPEC1;PL
мафӏэ	мафӏэм	N;ERG;SG;DEF
мафӏэ	мафӏэр	N;NOM;SG
мафӏэ	мафӏэхэр	N;NOM;PL
мафӏэ	мафӏэу	N;LGSPEC1;SG
мафӏэ	мафӏэхэмкӏэ	N;INS;PL;DEF
мафӏэ	мафӏэхэкӏэ	N;INS;PL;NDEF
мафӏэ	мафӏэмкӏэ	N;INS;SG;DEF
мафӏэ	мафӏэкӏэ	N;INS;SG;NDEF
мафӏэ	мафӏэ	N;NDEF;SG
махуэ	махуэхэр	N;NOM;PL
махуэ	махуэхэмкӏэ	N;INS;PL;DEF
махуэ	махуэхэкӏэ	N;INS;PL;NDEF
махуэ	махуэу	N;LGSPEC1;SG
махуэ	махуэр	N;NOM;SG
махуэ	махуэ	N;NDEF;SG
махуэ	махуэхыу	N;LGSPEC1;PL
махуэ	махуэхэ	N;NDEF;PL
махуэ	махуэмкӏэ	N;INS;SG;DEF
махуэ	махуэкӏэ	N;INS;SG;NDEF
махуэ	махуэхэмэ	N;ERG;PL;DEF
махуэ	махуэм	N;ERG;SG;DEF
мыгъуэ	мыгъуэхэ	ADJ;NDEF;PL
мыгъуэ	мыгъуэхэмэ	ADJ;ERG;PL;DEF
мыгъуэ	мыгъуэхыу	ADJ;LGSPEC1;PL
мыгъуэ	мыгъуэм	ADJ;ERG;SG;DEF
мыгъуэ	мыгъуэр	ADJ;NOM;SG;DEF
мыгъуэ	мыгъуэхэр	ADJ;NOM;PL;DEF
мыгъуэ	мыгъуэу	ADJ;LGSPEC1;SG
мыгъуэ	мыгъуэхэмкӏэ	ADJ;INS;PL;DEF
мыгъуэ	мыгъуэхэкӏэ	ADJ;INS;PL;NDEF
мыгъуэ	мыгъуэмкӏэ	ADJ;INS;SG;DEF
мыгъуэ	мыгъуэкӏэ	ADJ;INS;SG;NDEF
мыгъуэ	мыгъуэ	ADJ;NDEF;SG
мыщэ	мыщэхэ	N;NDEF;PL
мыщэ	мыщэхэмэ	N;ERG;PL;DEF
мыщэ	мыщэхыу	N;LGSPEC1;PL
мыщэ	мыщэм	N;ERG;SG;DEF
мыщэ	мыщэр	N;NOM;SG
мыщэ	мыщэхэр	N;NOM;PL
мыщэ	мыщэу	N;LGSPEC1;SG
мыщэ	мыщэхэмкӏэ	N;INS;PL;DEF
мыщэ	мыщэхэкӏэ	N;INS;PL;NDEF
мыщэ	мыщэмкӏэ	N;INS;SG;DEF
мыщэ	мыщэкӏэ	N;INS;SG;NDEF
мыщэ	мыщэ	N;NDEF;SG
мыӏэрыс	мыӏэрысэхэ	N;NDEF;PL
мыӏэрыс	мыӏэрысэхэмэ	N;ERG;PL;DEF
мыӏэрыс	мыӏэрысэхыу	N;LGSPEC1;PL
мыӏэрыс	мыӏэрысэм	N;ERG;SG;DEF
мыӏэрыс	мыӏэрысэр	N;NOM;SG
мыӏэрыс	мыӏэрысэхэр	N;NOM;PL
мыӏэрыс	мыӏэрысыу	N;LGSPEC1;SG
мыӏэрыс	мыӏэрысэхэмкӏэ	N;INS;PL;DEF
мыӏэрыс	мыӏэрысэхэкӏэ	N;INS;PL;NDEF
мыӏэрыс	мыӏэрысэмкӏэ	N;INS;SG;DEF
мыӏэрыс	мыӏэрысэкӏэ	N;INS;SG;NDEF
мыӏэрыс	мыӏэрысэ	N;NDEF;SG
мэз	мэзэхэ	N;NDEF;PL
мэз	мэзэхэмэ	N;ERG;PL;DEF
мэз	мэзэхыу	N;LGSPEC1;PL
мэз	мэзэм	N;ERG;SG;DEF
мэз	мэзэр	N;NOM;SG
мэз	мэзэхэр	N;NOM;PL
мэз	мэзыу	N;LGSPEC1;SG
мэз	мэзэхэмкӏэ	N;INS;PL;DEF
мэз	мэзэхэкӏэ	N;INS;PL;NDEF
мэз	мэзэмкӏэ	N;INS;SG;DEF
мэз	мэзэкӏэ	N;INS;SG;NDEF
мэз	мэзэ	N;NDEF;SG
напэ	напэхэр	N;NOM;PL
напэ	напэхэмкӏэ	N;INS;PL;DEF
напэ	напэхэкӏэ	N;INS;PL;NDEF
напэ	напэу	N;LGSPEC1;SG
напэ	напэр	N;NOM;SG
напэ	напэ	N;NDEF;SG
напэ	напэхыу	N;LGSPEC1;PL
напэ	напэхэ	N;NDEF;PL
напэ	напэмкӏэ	N;INS;SG;DEF
напэ	напэкӏэ	N;INS;SG;NDEF
напэ	напэхэмэ	N;ERG;PL;DEF
напэ	напэм	N;ERG;SG;DEF
нартыху	нартыхуэхэ	N;NDEF;PL
нартыху	нартыхуэхэмэ	N;ERG;PL;DEF
нартыху	нартыхуэхыу	N;LGSPEC1;PL
нартыху	нартыхуэм	N;ERG;SG;DEF
нартыху	нартыхуэр	N;NOM;SG
нартыху	нартыхуэхэр	N;NOM;PL
нартыху	нартыхуыу	N;LGSPEC1;SG
нартыху	нартыхуэхэмкӏэ	N;INS;PL;DEF
нартыху	нартыхуэхэкӏэ	N;INS;PL;NDEF
нартыху	нартыхуэмкӏэ	N;INS;SG;DEF
нартыху	нартыхуэкӏэ	N;INS;SG;NDEF
нартыху	нартыхуэ	N;NDEF;SG
нащэ	нащэхэ	N;NDEF;PL
нащэ	нащэхэмэ	N;ERG;PL;DEF
нащэ	нащэхыу	N;LGSPEC1;PL
нащэ	нащэм	N;ERG;SG;DEF
нащэ	нащэр	N;NOM;SG
нащэ	нащэхэр	N;NOM;PL
нащэ	нащэу	N;LGSPEC1;SG
нащэ	нащэхэмкӏэ	N;INS;PL;DEF
нащэ	нащэхэкӏэ	N;INS;PL;NDEF
нащэ	нащэмкӏэ	N;INS;SG;DEF
нащэ	нащэкӏэ	N;INS;SG;NDEF
нащэ	нащэ	N;NDEF;SG
ныбжьыщӏэ	ныбжьыщӏэхэ	ADJ;NDEF;PL
ныбжьыщӏэ	ныбжьыщӏэхэмэ	ADJ;ERG;PL;DEF
ныбжьыщӏэ	ныбжьыщӏэхыу	ADJ;LGSPEC1;PL
ныбжьыщӏэ	ныбжьыщӏэм	ADJ;ERG;SG;DEF
ныбжьыщӏэ	ныбжьыщӏэр	ADJ;NOM;SG;DEF
ныбжьыщӏэ	ныбжьыщӏэхэр	ADJ;NOM;PL;DEF
ныбжьыщӏэ	ныбжьыщӏэу	ADJ;LGSPEC1;SG
ныбжьыщӏэ	ныбжьыщӏэхэмкӏэ	ADJ;INS;PL;DEF
ныбжьыщӏэ	ныбжьыщӏэхэкӏэ	ADJ;INS;PL;NDEF
ныбжьыщӏэ	ныбжьыщӏэмкӏэ	ADJ;INS;SG;DEF
ныбжьыщӏэ	ныбжьыщӏэкӏэ	ADJ;INS;SG;NDEF
ныбжьыщӏэ	ныбжьыщӏэ	ADJ;NDEF;SG
ныбжьыщӏэ	ныбжьыщӏэхэ	N;NDEF;PL
ныбжьыщӏэ	ныбжьыщӏэхэмэ	N;ERG;PL;DEF
ныбжьыщӏэ	ныбжьыщӏэхыу	N;LGSPEC1;PL
ныбжьыщӏэ	ныбжьыщӏэм	N;ERG;SG;DEF
ныбжьыщӏэ	ныбжьыщӏэр	N;NOM;SG
ныбжьыщӏэ	ныбжьыщӏэхэр	N;NOM;PL
ныбжьыщӏэ	ныбжьыщӏэу	N;LGSPEC1;SG
ныбжьыщӏэ	ныбжьыщӏэхэмкӏэ	N;INS;PL;DEF
ныбжьыщӏэ	ныбжьыщӏэхэкӏэ	N;INS;PL;NDEF
ныбжьыщӏэ	ныбжьыщӏэмкӏэ	N;INS;SG;DEF
ныбжьыщӏэ	ныбжьыщӏэкӏэ	N;INS;SG;NDEF
ныбжьыщӏэ	ныбжьыщӏэ	N;NDEF;SG
нысэ	нысэхэ	N;NDEF;PL
нысэ	нысэхэмэ	N;ERG;PL;DEF
нысэ	нысэхыу	N;LGSPEC1;PL
нысэ	нысэм	N;ERG;SG;DEF
нысэ	нысэр	N;NOM;SG
нысэ	нысэхэр	N;NOM;PL
нысэ	нысэу	N;LGSPEC1;SG
нысэ	нысэхэмкӏэ	N;INS;PL;DEF
нысэ	нысэхэкӏэ	N;INS;PL;NDEF
нысэ	нысэмкӏэ	N;INS;SG;DEF
нысэ	нысэкӏэ	N;INS;SG;NDEF
нысэ	нысэ	N;NDEF;SG
ныуэ	ныуэхэ	N;NDEF;PL
ныуэ	ныуэхэмэ	N;ERG;PL;DEF
ныуэ	ныуэхыу	N;LGSPEC1;PL
ныуэ	ныуэм	N;ERG;SG;DEF
ныуэ	ныуэр	N;NOM;SG
ныуэ	ныуэхэр	N;NOM;PL
ныуэ	ныуэу	N;LGSPEC1;SG
ныуэ	ныуэхэмкӏэ	N;INS;PL;DEF
ныуэ	ныуэхэкӏэ	N;INS;PL;NDEF
ныуэ	ныуэмкӏэ	N;INS;SG;DEF
ныуэ	ныуэкӏэ	N;INS;SG;NDEF
ныуэ	ныуэ	N;NDEF;SG
нэзы	нэзыхэр	N;NOM;PL
нэзы	нэзыхэмкӏэ	N;INS;PL;DEF
нэзы	нэзыхэкӏэ	N;INS;PL;NDEF
нэзы	нэзымкӏэ	N;INS;SG;DEF
нэзы	нэзыкӏэ	N;INS;SG;NDEF
нэзы	нэзым	N;ERG;SG;DEF
нэзы	нэзыхэмэ	N;ERG;PL;DEF
нэзы	нэзыхыу	N;LGSPEC1;PL
нэзы	нэзыу	N;LGSPEC1;SG
нэзы	нэзыр	N;NOM;SG
нэмэз	нэмэзэхэ	N;NDEF;PL
нэмэз	нэмэзэхэмэ	N;ERG;PL;DEF
нэмэз	нэмэзэхыу	N;LGSPEC1;PL
нэмэз	нэмэзэм	N;ERG;SG;DEF
нэмэз	нэмэзэр	N;NOM;SG
нэмэз	нэмэзэхэр	N;NOM;PL
нэмэз	нэмэзыу	N;LGSPEC1;SG
нэмэз	нэмэзэхэмкӏэ	N;INS;PL;DEF
нэмэз	нэмэзэхэкӏэ	N;INS;PL;NDEF
нэмэз	нэмэзэмкӏэ	N;INS;SG;DEF
нэмэз	нэмэзэкӏэ	N;INS;SG;NDEF
нэмэз	нэмэзэ	N;NDEF;SG
нэпс	нэпсэхэ	N;NDEF;PL
нэпс	нэпсэхэмэ	N;ERG;PL;DEF
нэпс	нэпсэхыу	N;LGSPEC1;PL
нэпс	нэпсэм	N;ERG;SG;DEF
нэпс	нэпсэр	N;NOM;SG
нэпс	нэпсэхэр	N;NOM;PL
нэпс	нэпсыу	N;LGSPEC1;SG
нэпс	нэпсэхэмкӏэ	N;INS;PL;DEF
нэпс	нэпсэхэкӏэ	N;INS;PL;NDEF
нэпс	нэпсэмкӏэ	N;INS;SG;DEF
нэпс	нэпсэкӏэ	N;INS;SG;NDEF
нэпс	нэпсэ	N;NDEF;SG
пащтыхь	пащтыхьэхэ	N;NDEF;PL
пащтыхь	пащтыхьэхэмэ	N;ERG;PL;DEF
пащтыхь	пащтыхьэхыу	N;LGSPEC1;PL
пащтыхь	пащтыхьэм	N;ERG;SG;DEF
пащтыхь	пащтыхьэр	N;NOM;SG
пащтыхь	пащтыхьэхэр	N;NOM;PL
пащтыхь	пащтыхьыу	N;LGSPEC1;SG
пащтыхь	пащтыхьэхэмкӏэ	N;INS;PL;DEF
пащтыхь	пащтыхьэхэкӏэ	N;INS;PL;NDEF
пащтыхь	пащтыхьэмкӏэ	N;INS;SG;DEF
пащтыхь	пащтыхьэкӏэ	N;INS;SG;NDEF
пащтыхь	пащтыхьэ	N;NDEF;SG
псей	псейхэр	N;NOM;PL
псей	псейхэмкӏэ	N;INS;PL;DEF
псей	псейхэкӏэ	N;INS;PL;NDEF
псей	псеймкӏэ	N;INS;SG;DEF
псей	псейкӏэ	N;INS;SG;NDEF
псей	псейм	N;ERG;SG;DEF
псей	псейхэмэ	N;ERG;PL;DEF
псей	псейхыу	N;LGSPEC1;PL
псей	псейу	N;LGSPEC1;SG
псей	псейр	N;NOM;SG
псы	псыэхэр	N;NOM;PL
псы	псыэхэмкӏэ	N;INS;PL;DEF
псы	псыэхэкӏэ	N;INS;PL;NDEF
псы	псыыу	N;LGSPEC1;SG
псы	псыэр	N;NOM;SG
псы	псыэ	N;NDEF;SG
псы	псыхыу	N;LGSPEC1;PL
псы	псыэхэ	N;NDEF;PL
псы	псыэмкӏэ	N;INS;SG;DEF
псы	псыэкӏэ	N;INS;SG;NDEF
псы	псыэхэмэ	N;ERG;PL;DEF
псы	псыэм	N;ERG;SG;DEF
псыбыб	псыбыбэхэ	N;NDEF;PL
псыбыб	псыбыбэхэмэ	N;ERG;PL;DEF
псыбыб	псыбыбэхыу	N;LGSPEC1;PL
псыбыб	псыбыбэм	N;ERG;SG;DEF
псыбыб	псыбыбэр	N;NOM;SG
псыбыб	псыбыбэхэр	N;NOM;PL
псыбыб	псыбыбыу	N;LGSPEC1;SG
псыбыб	псыбыбэхэмкӏэ	N;INS;PL;DEF
псыбыб	псыбыбэхэкӏэ	N;INS;PL;NDEF
псыбыб	псыбыбэмкӏэ	N;INS;SG;DEF
псыбыб	псыбыбэкӏэ	N;INS;SG;NDEF
псыбыб	псыбыбэ	N;NDEF;SG
псыдыуэ	псыдыуэхэ	N;NDEF;PL
псыдыуэ	псыдыуэхэмэ	N;ERG;PL;DEF
псыдыуэ	псыдыуэхыу	N;LGSPEC1;PL
псыдыуэ	псыдыуэм	N;ERG;SG;DEF
псыдыуэ	псыдыуэр	N;NOM;SG
псыдыуэ	псыдыуэхэр	N;NOM;PL
псыдыуэ	псыдыуэу	N;LGSPEC1;SG
псыдыуэ	псыдыуэхэмкӏэ	N;INS;PL;DEF
псыдыуэ	псыдыуэхэкӏэ	N;INS;PL;NDEF
псыдыуэ	псыдыуэмкӏэ	N;INS;SG;DEF
псыдыуэ	псыдыуэкӏэ	N;INS;SG;NDEF
псыдыуэ	псыдыуэ	N;NDEF;SG
псыхъо	псыхъохэ	N;NDEF;PL
псыхъо	псыхъохэмэ	N;ERG;PL;DEF
псыхъо	псыхъохыу	N;LGSPEC1;PL
псыхъо	псыхъом	N;ERG;SG;DEF
псыхъо	псыхъор	N;NOM;SG
псыхъо	псыхъохэр	N;NOM;PL
псыхъо	псыхъоу	N;LGSPEC1;SG
псыхъо	псыхъохэмкӏэ	N;INS;PL;DEF
псыхъо	псыхъохэкӏэ	N;INS;PL;NDEF
псыхъо	псыхъомкӏэ	N;INS;SG;DEF
псыхъо	псыхъокӏэ	N;INS;SG;NDEF
псыхъо	псыхъо	N;NDEF;SG
псэущхьэ	псэущхьэхэ	N;NDEF;PL
псэущхьэ	псэущхьэхэмэ	N;ERG;PL;DEF
псэущхьэ	псэущхьэхыу	N;LGSPEC1;PL
псэущхьэ	псэущхьэм	N;ERG;SG;DEF
псэущхьэ	псэущхьэр	N;NOM;SG
псэущхьэ	псэущхьэхэр	N;NOM;PL
псэущхьэ	псэущхьэу	N;LGSPEC1;SG
псэущхьэ	псэущхьэхэмкӏэ	N;INS;PL;DEF
псэущхьэ	псэущхьэхэкӏэ	N;INS;PL;NDEF
псэущхьэ	псэущхьэмкӏэ	N;INS;SG;DEF
псэущхьэ	псэущхьэкӏэ	N;INS;SG;NDEF
псэущхьэ	псэущхьэ	N;NDEF;SG
пхъы	пхъыхэр	N;NOM;PL
пхъы	пхъыхэмкӏэ	N;INS;PL;DEF
пхъы	пхъыхэкӏэ	N;INS;PL;NDEF
пхъы	пхъымкӏэ	N;INS;SG;DEF
пхъы	пхъыкӏэ	N;INS;SG;NDEF
пхъы	пхъым	N;ERG;SG;DEF
пхъы	пхъыхэмэ	N;ERG;PL;DEF
пхъы	пхъыхыу	N;LGSPEC1;PL
пхъы	пхъыу	N;LGSPEC1;SG
пхъы	пхъыр	N;NOM;SG
пхъэдзакӏэ	пхъэдзакӏэхэ	N;NDEF;PL
пхъэдзакӏэ	пхъэдзакӏэхэмэ	N;ERG;PL;DEF
пхъэдзакӏэ	пхъэдзакӏэхыу	N;LGSPEC1;PL
пхъэдзакӏэ	пхъэдзакӏэм	N;ERG;SG;DEF
пхъэдзакӏэ	пхъэдзакӏэр	N;NOM;SG
пхъэдзакӏэ	пхъэдзакӏэхэр	N;NOM;PL
пхъэдзакӏэ	пхъэдзакӏэу	N;LGSPEC1;SG
пхъэдзакӏэ	пхъэдзакӏэхэмкӏэ	N;INS;PL;DEF
пхъэдзакӏэ	пхъэдзакӏэхэкӏэ	N;INS;PL;NDEF
пхъэдзакӏэ	пхъэдзакӏэмкӏэ	N;INS;SG;DEF
пхъэдзакӏэ	пхъэдзакӏэкӏэ	N;INS;SG;NDEF
пхъэдзакӏэ	пхъэдзакӏэ	N;NDEF;SG
пхэ	пхэхэ	N;NDEF;PL
пхэ	пхэхэмэ	N;ERG;PL;DEF
пхэ	пхэхыу	N;LGSPEC1;PL
пхэ	пхэм	N;ERG;SG;DEF
пхэ	пхэр	N;NOM;SG
пхэ	пхэхэр	N;NOM;PL
пхэ	пхэу	N;LGSPEC1;SG
пхэ	пхэхэмкӏэ	N;INS;PL;DEF
пхэ	пхэхэкӏэ	N;INS;PL;NDEF
пхэ	пхэмкӏэ	N;INS;SG;DEF
пхэ	пхэкӏэ	N;INS;SG;NDEF
пхэ	пхэ	N;NDEF;SG
пцӏы	пцӏыхэр	N;NOM;PL
пцӏы	пцӏыхэмкӏэ	N;INS;PL;DEF
пцӏы	пцӏыхэкӏэ	N;INS;PL;NDEF
пцӏы	пцӏымкӏэ	N;INS;SG;DEF
пцӏы	пцӏыкӏэ	N;INS;SG;NDEF
пцӏы	пцӏым	N;ERG;SG;DEF
пцӏы	пцӏыхэмэ	N;ERG;PL;DEF
пцӏы	пцӏыхыу	N;LGSPEC1;PL
пцӏы	пцӏыу	N;LGSPEC1;SG
пцӏы	пцӏыр	N;NOM;SG
пшахъуэ	пшахъуэхэ	N;NDEF;PL
пшахъуэ	пшахъуэхэмэ	N;ERG;PL;DEF
пшахъуэ	пшахъуэхыу	N;LGSPEC1;PL
пшахъуэ	пшахъуэм	N;ERG;SG;DEF
пшахъуэ	пшахъуэр	N;NOM;SG
пшахъуэ	пшахъуэхэр	N;NOM;PL
пшахъуэ	пшахъуэу	N;LGSPEC1;SG
пшахъуэ	пшахъуэхэмкӏэ	N;INS;PL;DEF
пшахъуэ	пшахъуэхэкӏэ	N;INS;PL;NDEF
пшахъуэ	пшахъуэмкӏэ	N;INS;SG;DEF
пшахъуэ	пшахъуэкӏэ	N;INS;SG;NDEF
пшахъуэ	пшахъуэ	N;NDEF;SG
пщыхьэщхьэ	пщыхьэщхьэхэ	N;NDEF;PL
пщыхьэщхьэ	пщыхьэщхьэхэмэ	N;ERG;PL;DEF
пщыхьэщхьэ	пщыхьэщхьэхыу	N;LGSPEC1;PL
пщыхьэщхьэ	пщыхьэщхьэм	N;ERG;SG;DEF
пщыхьэщхьэ	пщыхьэщхьэр	N;NOM;SG
пщыхьэщхьэ	пщыхьэщхьэхэр	N;NOM;PL
пщыхьэщхьэ	пщыхьэщхьэу	N;LGSPEC1;SG
пщыхьэщхьэ	пщыхьэщхьэхэмкӏэ	N;INS;PL;DEF
пщыхьэщхьэ	пщыхьэщхьэхэкӏэ	N;INS;PL;NDEF
пщыхьэщхьэ	пщыхьэщхьэмкӏэ	N;INS;SG;DEF
пщыхьэщхьэ	пщыхьэщхьэкӏэ	N;INS;SG;NDEF
пщыхьэщхьэ	пщыхьэщхьэ	N;NDEF;SG
пщэдджыжь	пщэдджыжьхэр	N;NOM;PL
пщэдджыжь	пщэдджыжьхэмкӏэ	N;INS;PL;DEF
пщэдджыжь	пщэдджыжьхэкӏэ	N;INS;PL;NDEF
пщэдджыжь	пщэдджыжьмкӏэ	N;INS;SG;DEF
пщэдджыжь	пщэдджыжькӏэ	N;INS;SG;NDEF
пщэдджыжь	пщэдджыжьм	N;ERG;SG;DEF
пщэдджыжь	пщэдджыжьхэмэ	N;ERG;PL;DEF
пщэдджыжь	пщэдджыжьхыу	N;LGSPEC1;PL
пщэдджыжь	пщэдджыжьу	N;LGSPEC1;SG
пщэдджыжь	пщэдджыжьр	N;NOM;SG
пщэдыкъ	пщэдыкъэхэ	N;NDEF;PL
пщэдыкъ	пщэдыкъэхэмэ	N;ERG;PL;DEF
пщэдыкъ	пщэдыкъхыу	N;LGSPEC1;PL
пщэдыкъ	пщэдыкъэм	N;ERG;SG;DEF
пщэдыкъ	пщэдыкъэр	N;NOM;SG
пщэдыкъ	пщэдыкъэхэр	N;NOM;PL
пщэдыкъ	пщэдыкъыу	N;LGSPEC1;SG
пщэдыкъ	пщэдыкъэхэмкӏэ	N;INS;PL;DEF
пщэдыкъ	пщэдыкъэхэкӏэ	N;INS;PL;NDEF
пщэдыкъ	пщэдыкъэмкӏэ	N;INS;SG;DEF
пщэдыкъ	пщэдыкъэкӏэ	N;INS;SG;NDEF
пщэдыкъ	пщэдыкъэ	N;NDEF;SG
пщӏантӏэпс	пщӏантӏэпсхэ	N;NDEF;PL
пщӏантӏэпс	пщӏантӏэпсхэмэ	N;ERG;PL;DEF
пщӏантӏэпс	пщӏантӏэпсхыу	N;LGSPEC1;PL
пщӏантӏэпс	пщӏантӏэпсм	N;ERG;SG;DEF
пщӏантӏэпс	пщӏантӏэпср	N;NOM;SG
пщӏантӏэпс	пщӏантӏэпсхэр	N;NOM;PL
пщӏантӏэпс	пщӏантӏэпсу	N;LGSPEC1;SG
пщӏантӏэпс	пщӏантӏэпсхэмкӏэ	N;INS;PL;DEF
пщӏантӏэпс	пщӏантӏэпсхэкӏэ	N;INS;PL;NDEF
пщӏантӏэпс	пщӏантӏэпсмкӏэ	N;INS;SG;DEF
пщӏантӏэпс	пщӏантӏэпскӏэ	N;INS;SG;NDEF
пщӏантӏэпс	пщӏантӏэпс	N;NDEF;SG
пэш	пэшэхэ	N;NDEF;PL
пэш	пэшэхэмэ	N;ERG;PL;DEF
пэш	пэшэхыу	N;LGSPEC1;PL
пэш	пэшэм	N;ERG;SG;DEF
пэш	пэшэр	N;NOM;SG
пэш	пэшэхэр	N;NOM;PL
пэш	пэшыу	N;LGSPEC1;SG
пэш	пэшэхэмкӏэ	N;INS;PL;DEF
пэш	пэшэхэкӏэ	N;INS;PL;NDEF
пэш	пэшэмкӏэ	N;INS;SG;DEF
пэш	пэшэкӏэ	N;INS;SG;NDEF
пэш	пэшэ	N;NDEF;SG
санэ	санэхэ	N;NDEF;PL
санэ	санэхэмэ	N;ERG;PL;DEF
санэ	санэхыу	N;LGSPEC1;PL
санэ	санэм	N;ERG;SG;DEF
санэ	санэр	N;NOM;SG
санэ	санэхэр	N;NOM;PL
санэ	санэу	N;LGSPEC1;SG
санэ	санэхэмкӏэ	N;INS;PL;DEF
санэ	санэхэкӏэ	N;INS;PL;NDEF
санэ	санэмкӏэ	N;INS;SG;DEF
санэ	санэкӏэ	N;INS;SG;NDEF
санэ	санэ	N;NDEF;SG
сахъэ	сахъэхэ	N;NDEF;PL
сахъэ	сахъэхэмэ	N;ERG;PL;DEF
сахъэ	сахъэхыу	N;LGSPEC1;PL
сахъэ	сахъэм	N;ERG;SG;DEF
сахъэ	сахъэр	N;NOM;SG
сахъэ	сахъэхэр	N;NOM;PL
сахъэ	сахъэу	N;LGSPEC1;SG
сахъэ	сахъэхэмкӏэ	N;INS;PL;DEF
сахъэ	сахъэхэкӏэ	N;INS;PL;NDEF
сахъэ	сахъэмкӏэ	N;INS;SG;DEF
сахъэ	сахъэкӏэ	N;INS;SG;NDEF
сахъэ	сахъэ	N;NDEF;SG
тхуей	тхуейэхэ	N;NDEF;PL
тхуей	тхуейэхэмэ	N;ERG;PL;DEF
тхуей	тхуейэхыу	N;LGSPEC1;PL
тхуей	тхуейэм	N;ERG;SG;DEF
тхуей	тхуейэр	N;NOM;SG
тхуей	тхуейэхэр	N;NOM;PL
тхуей	тхуейыу	N;LGSPEC1;SG
тхуей	тхуейэхэмкӏэ	N;INS;PL;DEF
тхуей	тхуейэхэкӏэ	N;INS;PL;NDEF
тхуей	тхуейэмкӏэ	N;INS;SG;DEF
тхуей	тхуейэкӏэ	N;INS;SG;NDEF
тхуей	тхуейэ	N;NDEF;SG
тхъо	тхъохэ	ADJ;NDEF;PL
тхъо	тхъохэмэ	ADJ;ERG;PL;DEF
тхъо	тхъохыу	ADJ;LGSPEC1;PL
тхъо	тхъом	ADJ;ERG;SG;DEF
тхъо	тхъор	ADJ;NOM;SG;DEF
тхъо	тхъохэр	ADJ;NOM;PL;DEF
тхъо	тхъоу	ADJ;LGSPEC1;SG
тхъо	тхъохэмкӏэ	ADJ;INS;PL;DEF
тхъо	тхъохэкӏэ	ADJ;INS;PL;NDEF
тхъо	тхъомкӏэ	ADJ;INS;SG;DEF
тхъо	тхъокӏэ	ADJ;INS;SG;NDEF
тхъо	тхъо	ADJ;NDEF;SG
тхьапэ	тхьапэхэ	N;NDEF;PL
тхьапэ	тхьапэхэмэ	N;ERG;PL;DEF
тхьапэ	тхьапэхыу	N;LGSPEC1;PL
тхьапэ	тхьапэм	N;ERG;SG;DEF
тхьапэ	тхьапэр	N;NOM;SG
тхьапэ	тхьапэхэр	N;NOM;PL
тхьапэ	тхьапэу	N;LGSPEC1;SG
тхьапэ	тхьапэхэмкӏэ	N;INS;PL;DEF
тхьапэ	тхьапэхэкӏэ	N;INS;PL;NDEF
тхьапэ	тхьапэмкӏэ	N;INS;SG;DEF
тхьапэ	тхьапэкӏэ	N;INS;SG;NDEF
тхьапэ	тхьапэ	N;NDEF;SG
тхьэкӏумэ	тхьэкӏумэхэр	N;NOM;PL
тхьэкӏумэ	тхьэкӏумэхэмкӏэ	N;INS;PL;DEF
тхьэкӏумэ	тхьэкӏумэхэкӏэ	N;INS;PL;NDEF
тхьэкӏумэ	тхьэкӏумэу	N;LGSPEC1;SG
тхьэкӏумэ	тхьэкӏумэр	N;NOM;SG
тхьэкӏумэ	тхьэкӏумэ	N;NDEF;SG
тхьэкӏумэ	тхьэкӏумэхыу	N;LGSPEC1;PL
тхьэкӏумэ	тхьэкӏумэхэ	N;NDEF;PL
тхьэкӏумэ	тхьэкӏумэмкӏэ	N;INS;SG;DEF
тхьэкӏумэ	тхьэкӏумэкӏэ	N;INS;SG;NDEF
тхьэкӏумэ	тхьэкӏумэхэмэ	N;ERG;PL;DEF
тхьэкӏумэ	тхьэкӏумэм	N;ERG;SG;DEF
тхьэмадэ	тхьэмадэхэ	ADJ;NDEF;PL
тхьэмадэ	тхьэмадэхэмэ	ADJ;ERG;PL;DEF
тхьэмадэ	тхьэмадэхыу	ADJ;LGSPEC1;PL
тхьэмадэ	тхьэмадэм	ADJ;ERG;SG;DEF
тхьэмадэ	тхьэмадэр	ADJ;NOM;SG;DEF
тхьэмадэ	тхьэмадэхэр	ADJ;NOM;PL;DEF
тхьэмадэ	тхьэмадэу	ADJ;LGSPEC1;SG
тхьэмадэ	тхьэмадэхэмкӏэ	ADJ;INS;PL;DEF
тхьэмадэ	тхьэмадэхэкӏэ	ADJ;INS;PL;NDEF
тхьэмадэ	тхьэмадэмкӏэ	ADJ;INS;SG;DEF
тхьэмадэ	тхьэмадэкӏэ	ADJ;INS;SG;NDEF
тхьэмадэ	тхьэмадэ	ADJ;NDEF;SG
тхьэмадэ	тхьэмадэхэ	N;NDEF;PL
тхьэмадэ	тхьэмадэхэмэ	N;ERG;PL;DEF
тхьэмадэ	тхьэмадэхыу	N;LGSPEC1;PL
тхьэмадэ	тхьэмадэм	N;ERG;SG;DEF
тхьэмадэ	тхьэмадэр	N;NOM;SG
тхьэмадэ	тхьэмадэхэр	N;NOM;PL
тхьэмадэ	тхьэмадэу	N;LGSPEC1;SG
тхьэмадэ	тхьэмадэхэмкӏэ	N;INS;PL;DEF
тхьэмадэ	тхьэмадэхэкӏэ	N;INS;PL;NDEF
тхьэмадэ	тхьэмадэмкӏэ	N;INS;SG;DEF
тхьэмадэ	тхьэмадэкӏэ	N;INS;SG;NDEF
тхьэмадэ	тхьэмадэ	N;NDEF;SG
тэлай	тэлайхэр	N;NOM;PL
тэлай	тэлайхэмкӏэ	N;INS;PL;DEF
тэлай	тэлайхэкӏэ	N;INS;PL;NDEF
тэлай	тэлаймкӏэ	N;INS;SG;DEF
тэлай	тэлайкӏэ	N;INS;SG;NDEF
тэлай	тэлайм	N;ERG;SG;DEF
тэлай	тэлайхэмэ	N;ERG;PL;DEF
тэлай	тэлайхыу	N;LGSPEC1;PL
тэлай	тэлайу	N;LGSPEC1;SG
тэлай	тэлайр	N;NOM;SG
уафэ	уафэхэ	N;NDEF;PL
уафэ	уафэхэмэ	N;ERG;PL;DEF
уафэ	уафэхыу	N;LGSPEC1;PL
уафэ	уафэм	N;ERG;SG;DEF
уафэ	уафэр	N;NOM;SG
уафэ	уафэхэр	N;NOM;PL
уафэ	уафэу	N;LGSPEC1;SG
уафэ	уафэхэмкӏэ	N;INS;PL;DEF
уафэ	уафэхэкӏэ	N;INS;PL;NDEF
уафэ	уафэмкӏэ	N;INS;SG;DEF
уафэ	уафэкӏэ	N;INS;SG;NDEF
уафэ	уафэ	N;NDEF;SG
ужьэ	ужьэхэ	N;NDEF;PL
ужьэ	ужьэхэмэ	N;ERG;PL;DEF
ужьэ	ужьэхыу	N;LGSPEC1;PL
ужьэ	ужьэм	N;ERG;SG;DEF
ужьэ	ужьэр	N;NOM;SG
ужьэ	ужьэхэр	N;NOM;PL
ужьэ	ужьэу	N;LGSPEC1;SG
ужьэ	ужьэхэмкӏэ	N;INS;PL;DEF
ужьэ	ужьэхэкӏэ	N;INS;PL;NDEF
ужьэ	ужьэмкӏэ	N;INS;SG;DEF
ужьэ	ужьэкӏэ	N;INS;SG;NDEF
ужьэ	ужьэ	N;NDEF;SG
унэ	унэхэр	N;NOM;PL
унэ	унэхэмкӏэ	N;INS;PL;DEF
унэ	унэхэкӏэ	N;INS;PL;NDEF
унэ	унэу	N;LGSPEC1;SG
унэ	унэр	N;NOM;SG
унэ	унэ	N;NDEF;SG
унэ	унэхыу	N;LGSPEC1;PL
унэ	унэхэ	N;NDEF;PL
унэ	унэмкӏэ	N;INS;SG;DEF
унэ	унэкӏэ	N;INS;SG;NDEF
унэ	унэхэмэ	N;ERG;PL;DEF
унэ	унэм	N;ERG;SG;DEF
упщӏэ	упщӏэхэ	N;NDEF;PL
упщӏэ	упщӏэхэмэ	N;ERG;PL;DEF
упщӏэ	упщӏэхыу	N;LGSPEC1;PL
упщӏэ	упщӏэм	N;ERG;SG;DEF
упщӏэ	упщӏэр	N;NOM;SG
упщӏэ	упщӏэхэр	N;NOM;PL
упщӏэ	упщӏэу	N;LGSPEC1;SG
упщӏэ	упщӏэхэмкӏэ	N;INS;PL;DEF
упщӏэ	упщӏэхэкӏэ	N;INS;PL;NDEF
упщӏэ	упщӏэмкӏэ	N;INS;SG;DEF
упщӏэ	упщӏэкӏэ	N;INS;SG;NDEF
упщӏэ	упщӏэ	N;NDEF;SG
уэс	уэсэхэ	N;NDEF;PL
уэс	уэсэхэмэ	N;ERG;PL;DEF
уэс	уэсэхыу	N;LGSPEC1;PL
уэс	уэсэм	N;ERG;SG;DEF
уэс	уэсэр	N;NOM;SG
уэс	уэсэхэр	N;NOM;PL
уэс	уэсыу	N;LGSPEC1;SG
уэс	уэсэхэмкӏэ	N;INS;PL;DEF
уэс	уэсэхэкӏэ	N;INS;PL;NDEF
уэс	уэсэмкӏэ	N;INS;SG;DEF
уэс	уэсэкӏэ	N;INS;SG;NDEF
уэс	уэсэ	N;NDEF;SG
уэфӏ	уэфӏэхэ	N;NDEF;PL
уэфӏ	уэфӏэхэмэ	N;ERG;PL;DEF
уэфӏ	уэфӏэхыу	N;LGSPEC1;PL
уэфӏ	уэфӏэм	N;ERG;SG;DEF
уэфӏ	уэфӏэр	N;NOM;SG
уэфӏ	уэфӏэхэр	N;NOM;PL
уэфӏ	уэфӏыу	N;LGSPEC1;SG
уэфӏ	уэфӏэхэмкӏэ	N;INS;PL;DEF
уэфӏ	уэфӏэхэкӏэ	N;INS;PL;NDEF
уэфӏ	уэфӏэмкӏэ	N;INS;SG;DEF
уэфӏ	уэфӏэкӏэ	N;INS;SG;NDEF
уэфӏ	уэфӏэ	N;NDEF;SG
уэшх	уэшхэхэ	N;NDEF;PL
уэшх	уэшхэхэмэ	N;ERG;PL;DEF
уэшх	уэшхэхыу	N;LGSPEC1;PL
уэшх	уэшхэм	N;ERG;SG;DEF
уэшх	уэшхэр	N;NOM;SG
уэшх	уэшхэхэр	N;NOM;PL
уэшх	уэшхыу	N;LGSPEC1;SG
уэшх	уэшхэхэмкӏэ	N;INS;PL;DEF
уэшх	уэшхэхэкӏэ	N;INS;PL;NDEF
уэшх	уэшхэмкӏэ	N;INS;SG;DEF
уэшх	уэшхэкӏэ	N;INS;SG;NDEF
уэшх	уэшхэ	N;NDEF;SG
фошыгъу	фошыгъуэхэ	N;NDEF;PL
фошыгъу	фошыгъуэхэмэ	N;ERG;PL;DEF
фошыгъу	фошыгъухыу	N;LGSPEC1;PL
фошыгъу	фошыгъуэм	N;ERG;SG;DEF
фошыгъу	фошыгъуэр	N;NOM;SG
фошыгъу	фошыгъуэхэр	N;NOM;PL
фошыгъу	фошыгъуыу	N;LGSPEC1;SG
фошыгъу	фошыгъуэхэмкӏэ	N;INS;PL;DEF
фошыгъу	фошыгъуэхэкӏэ	N;INS;PL;NDEF
фошыгъу	фошыгъуэмкӏэ	N;INS;SG;DEF
фошыгъу	фошыгъуэкӏэ	N;INS;SG;NDEF
фошыгъу	фошыгъуэ	N;NDEF;SG
фэ	фэхэ	N;NDEF;PL
фэ	фэхэмэ	N;ERG;PL;DEF
фэ	фэхыу	N;LGSPEC1;PL
фэ	фэм	N;ERG;SG;DEF
фэ	фэр	N;NOM;SG
фэ	фэхэр	N;NOM;PL
фэ	фэу	N;LGSPEC1;SG
фэ	фэхэмкӏэ	N;INS;PL;DEF
фэ	фэхэкӏэ	N;INS;PL;NDEF
фэ	фэмкӏэ	N;INS;SG;DEF
фэ	фэкӏэ	N;INS;SG;NDEF
фэ	фэ	N;NDEF;SG
фӏамыщӏ	фӏамыщӏэхэ	N;NDEF;PL
фӏамыщӏ	фӏамыщӏэхэмэ	N;ERG;PL;DEF
фӏамыщӏ	фӏамыщӏэхыу	N;LGSPEC1;PL
фӏамыщӏ	фӏамыщӏэм	N;ERG;SG;DEF
фӏамыщӏ	фӏамыщӏэр	N;NOM;SG
фӏамыщӏ	фӏамыщӏэхэр	N;NOM;PL
фӏамыщӏ	фӏамыщӏыу	N;LGSPEC1;SG
фӏамыщӏ	фӏамыщӏэхэмкӏэ	N;INS;PL;DEF
фӏамыщӏ	фӏамыщӏэхэкӏэ	N;INS;PL;NDEF
фӏамыщӏ	фӏамыщӏэмкӏэ	N;INS;SG;DEF
фӏамыщӏ	фӏамыщӏэкӏэ	N;INS;SG;NDEF
фӏамыщӏ	фӏамыщӏэ	N;NDEF;SG
фӏыцӏэ	фӏыцӏэхэр	ADJ;NOM;PL;DEF
фӏыцӏэ	фӏыцӏэхэмкӏэ	ADJ;INS;PL;DEF
фӏыцӏэ	фӏыцӏэхэкӏэ	ADJ;INS;PL;NDEF
фӏыцӏэ	фӏыцӏэу	ADJ;LGSPEC1;SG
фӏыцӏэ	фӏыцӏэр	ADJ;NOM;SG;DEF
фӏыцӏэ	фӏыцӏэ	ADJ;NDEF;SG
фӏыцӏэ	фӏыцӏэхыу	ADJ;LGSPEC1;PL
фӏыцӏэ	фӏыцӏэхэ	ADJ;NDEF;PL
фӏыцӏэ	фӏыцӏэмкӏэ	ADJ;INS;SG;DEF
фӏыцӏэ	фӏыцӏэкӏэ	ADJ;INS;SG;NDEF
фӏыцӏэ	фӏыцӏэхэмэ	ADJ;ERG;PL;DEF
фӏыцӏэ	фӏыцӏэм	ADJ;ERG;SG;DEF
фӏыцӏэ	фӏыцӏэхэр	N;NOM;PL
фӏыцӏэ	фӏыцӏэхэмкӏэ	N;INS;PL;DEF
фӏыцӏэ	фӏыцӏэхэкӏэ	N;INS;PL;NDEF
фӏыцӏэ	фӏыцӏэу	N;LGSPEC1;SG
фӏыцӏэ	фӏыцӏэр	N;NOM;SG
фӏыцӏэ	фӏыцӏэ	N;NDEF;SG
фӏыцӏэ	фӏыцӏэхыу	N;LGSPEC1;PL
фӏыцӏэ	фӏыцӏэхэ	N;NDEF;PL
фӏыцӏэ	фӏыцӏэмкӏэ	N;INS;SG;DEF
фӏыцӏэ	фӏыцӏэкӏэ	N;INS;SG;NDEF
фӏыцӏэ	фӏыцӏэхэмэ	N;ERG;PL;DEF
фӏыцӏэ	фӏыцӏэм	N;ERG;SG;DEF
хадэ	хадэхэ	N;NDEF;PL
хадэ	хадэхэмэ	N;ERG;PL;DEF
хадэ	хадэхыу	N;LGSPEC1;PL
хадэ	хадэм	N;ERG;SG;DEF
хадэ	хадэр	N;NOM;SG
хадэ	хадэхэр	N;NOM;PL
хадэ	хадэу	N;LGSPEC1;SG
хадэ	хадэхэмкӏэ	N;INS;PL;DEF
хадэ	хадэхэкӏэ	N;INS;PL;NDEF
хадэ	хадэмкӏэ	N;INS;SG;DEF
хадэ	хадэкӏэ	N;INS;SG;NDEF
хадэ	хадэ	N;NDEF;SG
хуабэ	хуабэхэр	ADJ;NOM;PL;DEF
хуабэ	хуабэхэмкӏэ	ADJ;INS;PL;DEF
хуабэ	хуабэхэкӏэ	ADJ;INS;PL;NDEF
хуабэ	хуабэу	ADJ;LGSPEC1;SG
хуабэ	хуабэр	ADJ;NOM;SG;DEF
хуабэ	хуабэ	ADJ;NDEF;SG
хуабэ	хуабэхыу	ADJ;LGSPEC1;PL
хуабэ	хуабэхэ	ADJ;NDEF;PL
хуабэ	хуабэмкӏэ	ADJ;INS;SG;DEF
хуабэ	хуабэкӏэ	ADJ;INS;SG;NDEF
хуабэ	хуабэхэмэ	ADJ;ERG;PL;DEF
хуабэ	хуабэм	ADJ;ERG;SG;DEF
хуабэ	хуабэхэр	N;NOM;PL
хуабэ	хуабэхэмкӏэ	N;INS;PL;DEF
хуабэ	хуабэхэкӏэ	N;INS;PL;NDEF
хуабэ	хуабэу	N;LGSPEC1;SG
хуабэ	хуабэр	N;NOM;SG
хуабэ	хуабэ	N;NDEF;SG
хуабэ	хуабэхыу	N;LGSPEC1;PL
хуабэ	хуабэхэ	N;NDEF;PL
хуабэ	хуабэмкӏэ	N;INS;SG;DEF
хуабэ	хуабэкӏэ	N;INS;SG;NDEF
хуабэ	хуабэхэмэ	N;ERG;PL;DEF
хуабэ	хуабэм	N;ERG;SG;DEF
хугу	хугуэхэ	N;NDEF;PL
хугу	хугуэхэмэ	N;ERG;PL;DEF
хугу	хугухыу	N;LGSPEC1;PL
хугу	хугуэм	N;ERG;SG;DEF
хугу	хугуэр	N;NOM;SG
хугу	хугуэхэр	N;NOM;PL
хугу	хугуыу	N;LGSPEC1;SG
хугу	хугуэхэмкӏэ	N;INS;PL;DEF
хугу	хугуэхэкӏэ	N;INS;PL;NDEF
хугу	хугуэмкӏэ	N;INS;SG;DEF
хугу	хугуэкӏэ	N;INS;SG;NDEF
хугу	хугуэ	N;NDEF;SG
хужьы	хужьыхэр	ADJ;NOM;PL;DEF
хужьы	хужьыхэмкӏэ	ADJ;INS;PL;DEF
хужьы	хужьыхэкӏэ	ADJ;INS;PL;NDEF
хужьы	хужьымкӏэ	ADJ;INS;SG;DEF
хужьы	хужьыкӏэ	ADJ;INS;SG;NDEF
хужьы	хужьым	ADJ;ERG;SG;DEF
хужьы	хужьыхэмэ	ADJ;ERG;PL;DEF
хужьы	хужьыхыу	ADJ;LGSPEC1;PL
хужьы	хужьыу	ADJ;LGSPEC1;SG
хужьы	хужьыр	ADJ;NOM;SG;DEF
хужьы	хужьыхэр	N;NOM;PL
хужьы	хужьыхэмкӏэ	N;INS;PL;DEF
хужьы	хужьыхэкӏэ	N;INS;PL;NDEF
хужьы	хужьымкӏэ	N;INS;SG;DEF
хужьы	хужьыкӏэ	N;INS;SG;NDEF
хужьы	хужьым	N;ERG;SG;DEF
хужьы	хужьыхэмэ	N;ERG;PL;DEF
хужьы	хужьыхыу	N;LGSPEC1;PL
хужьы	хужьыу	N;LGSPEC1;SG
хужьы	хужьыр	N;NOM;SG
хъарбыз	хъарбызэхэ	N;NDEF;PL
хъарбыз	хъарбызэхэмэ	N;ERG;PL;DEF
хъарбыз	хъарбызэхыу	N;LGSPEC1;PL
хъарбыз	хъарбызэм	N;ERG;SG;DEF
хъарбыз	хъарбызэр	N;NOM;SG
хъарбыз	хъарбызэхэр	N;NOM;PL
хъарбыз	хъарбызыу	N;LGSPEC1;SG
хъарбыз	хъарбызэхэмкӏэ	N;INS;PL;DEF
хъарбыз	хъарбызэхэкӏэ	N;INS;PL;NDEF
хъарбыз	хъарбызэмкӏэ	N;INS;SG;DEF
хъарбыз	хъарбызэкӏэ	N;INS;SG;NDEF
хъарбыз	хъарбызэ	N;NDEF;SG
хъулъхугъэ	хъулъхугъэхэ	N;NDEF;PL
хъулъхугъэ	хъулъхугъэхэмэ	N;ERG;PL;DEF
хъулъхугъэ	хъулъхугъэхыу	N;LGSPEC1;PL
хъулъхугъэ	хъулъхугъэм	N;ERG;SG;DEF
хъулъхугъэ	хъулъхугъэр	N;NOM;SG
хъулъхугъэ	хъулъхугъэхэр	N;NOM;PL
хъулъхугъэ	хъулъхугъэу	N;LGSPEC1;SG
хъулъхугъэ	хъулъхугъэхэмкӏэ	N;INS;PL;DEF
хъулъхугъэ	хъулъхугъэхэкӏэ	N;INS;PL;NDEF
хъулъхугъэ	хъулъхугъэмкӏэ	N;INS;SG;DEF
хъулъхугъэ	хъулъхугъэкӏэ	N;INS;SG;NDEF
хъулъхугъэ	хъулъхугъэ	N;NDEF;SG
хъумпӏэцӏэдж	хъумпӏэцӏэджхэ	N;NDEF;PL
хъумпӏэцӏэдж	хъумпӏэцӏэджхэмэ	N;ERG;PL;DEF
хъумпӏэцӏэдж	хъумпӏэцӏэджхыу	N;LGSPEC1;PL
хъумпӏэцӏэдж	хъумпӏэцӏэджм	N;ERG;SG;DEF
хъумпӏэцӏэдж	хъумпӏэцӏэджр	N;NOM;SG
хъумпӏэцӏэдж	хъумпӏэцӏэджхэр	N;NOM;PL
хъумпӏэцӏэдж	хъумпӏэцӏэджу	N;LGSPEC1;SG
хъумпӏэцӏэдж	хъумпӏэцӏэджхэмкӏэ	N;INS;PL;DEF
хъумпӏэцӏэдж	хъумпӏэцӏэджхэкӏэ	N;INS;PL;NDEF
хъумпӏэцӏэдж	хъумпӏэцӏэджмкӏэ	N;INS;SG;DEF
хъумпӏэцӏэдж	хъумпӏэцӏэджкӏэ	N;INS;SG;NDEF
хъумпӏэцӏэдж	хъумпӏэцӏэдж	N;NDEF;SG
хыкхъуэ	хыкхъуэхэ	N;NDEF;PL
хыкхъуэ	хыкхъуэхэмэ	N;ERG;PL;DEF
хыкхъуэ	хыкхъуэхыу	N;LGSPEC1;PL
хыкхъуэ	хыкхъуэм	N;ERG;SG;DEF
хыкхъуэ	хыкхъуэр	N;NOM;SG
хыкхъуэ	хыкхъуэхэр	N;NOM;PL
хыкхъуэ	хыкхъуэу	N;LGSPEC1;SG
хыкхъуэ	хыкхъуэхэмкӏэ	N;INS;PL;DEF
хыкхъуэ	хыкхъуэхэкӏэ	N;INS;PL;NDEF
хыкхъуэ	хыкхъуэмкӏэ	N;INS;SG;DEF
хыкхъуэ	хыкхъуэкӏэ	N;INS;SG;NDEF
хыкхъуэ	хыкхъуэ	N;NDEF;SG
хьэмбылыу	хьэмбылыуэхэ	N;NDEF;PL
хьэмбылыу	хьэмбылыуэхэмэ	N;ERG;PL;DEF
хьэмбылыу	хьэмбылыухыу	N;LGSPEC1;PL
хьэмбылыу	хьэмбылыуэм	N;ERG;SG;DEF
хьэмбылыу	хьэмбылыуэр	N;NOM;SG
хьэмбылыу	хьэмбылыуэхэр	N;NOM;PL
хьэмбылыу	хьэмбылыуыу	N;LGSPEC1;SG
хьэмбылыу	хьэмбылыуэхэмкӏэ	N;INS;PL;DEF
хьэмбылыу	хьэмбылыуэхэкӏэ	N;INS;PL;NDEF
хьэмбылыу	хьэмбылыуэмкӏэ	N;INS;SG;DEF
хьэмбылыу	хьэмбылыуэкӏэ	N;INS;SG;NDEF
хьэмбылыу	хьэмбылыуэ	N;NDEF;SG
хьэндыркъуакъуэ	хьэндыркъуакъуэхэ	N;NDEF;PL
хьэндыркъуакъуэ	хьэндыркъуакъуэхэмэ	N;ERG;PL;DEF
хьэндыркъуакъуэ	хьэндыркъуакъуэхыу	N;LGSPEC1;PL
хьэндыркъуакъуэ	хьэндыркъуакъуэм	N;ERG;SG;DEF
хьэндыркъуакъуэ	хьэндыркъуакъуэр	N;NOM;SG
хьэндыркъуакъуэ	хьэндыркъуакъуэхэр	N;NOM;PL
хьэндыркъуакъуэ	хьэндыркъуакъуэу	N;LGSPEC1;SG
хьэндыркъуакъуэ	хьэндыркъуакъуэхэмкӏэ	N;INS;PL;DEF
хьэндыркъуакъуэ	хьэндыркъуакъуэхэкӏэ	N;INS;PL;NDEF
хьэндыркъуакъуэ	хьэндыркъуакъуэмкӏэ	N;INS;SG;DEF
хьэндыркъуакъуэ	хьэндыркъуакъуэкӏэ	N;INS;SG;NDEF
хьэндыркъуакъуэ	хьэндыркъуакъуэ	N;NDEF;SG
цӏэ	цӏэхэр	N;NOM;PL
цӏэ	цӏэхэмкӏэ	N;INS;PL;DEF
цӏэ	цӏэхэкӏэ	N;INS;PL;NDEF
цӏэ	цӏэу	N;LGSPEC1;SG
цӏэ	цӏэр	N;NOM;SG
цӏэ	цӏэ	N;NDEF;SG
цӏэ	цӏэхыу	N;LGSPEC1;PL
цӏэ	цӏэхэ	N;NDEF;PL
цӏэ	цӏэмкӏэ	N;INS;SG;DEF
цӏэ	цӏэкӏэ	N;INS;SG;NDEF
цӏэ	цӏэхэмэ	N;ERG;PL;DEF
цӏэ	цӏэм	N;ERG;SG;DEF
шабзэ	шабзээхэ	N;NDEF;PL
шабзэ	шабзээхэмэ	N;ERG;PL;DEF
шабзэ	шабзээхыу	N;LGSPEC1;PL
шабзэ	шабзээм	N;ERG;SG;DEF
шабзэ	шабзээр	N;NOM;SG
шабзэ	шабзээхэр	N;NOM;PL
шабзэ	шабзэыу	N;LGSPEC1;SG
шабзэ	шабзээхэмкӏэ	N;INS;PL;DEF
шабзэ	шабзээхэкӏэ	N;INS;PL;NDEF
шабзэ	шабзээмкӏэ	N;INS;SG;DEF
шабзэ	шабзээкӏэ	N;INS;SG;NDEF
шабзэ	шабзээ	N;NDEF;SG
шайэ	шайэхэ	N;NDEF;PL
шайэ	шайэхэмэ	N;ERG;PL;DEF
шайэ	шайэхыу	N;LGSPEC1;PL
шайэ	шайэм	N;ERG;SG;DEF
шайэ	шайэр	N;NOM;SG
шайэ	шайэхэр	N;NOM;PL
шайэ	шайэу	N;LGSPEC1;SG
шайэ	шайэхэмкӏэ	N;INS;PL;DEF
шайэ	шайэхэкӏэ	N;INS;PL;NDEF
шайэ	шайэмкӏэ	N;INS;SG;DEF
шайэ	шайэкӏэ	N;INS;SG;NDEF
шайэ	шайэ	N;NDEF;SG
шатэ	шатэхэ	N;NDEF;PL
шатэ	шатэхэмэ	N;ERG;PL;DEF
шатэ	шатэхыу	N;LGSPEC1;PL
шатэ	шатэм	N;ERG;SG;DEF
шатэ	шатэр	N;NOM;SG
шатэ	шатэхэр	N;NOM;PL
шатэ	шатэу	N;LGSPEC1;SG
шатэ	шатэхэмкӏэ	N;INS;PL;DEF
шатэ	шатэхэкӏэ	N;INS;PL;NDEF
шатэ	шатэмкӏэ	N;INS;SG;DEF
шатэ	шатэкӏэ	N;INS;SG;NDEF
шатэ	шатэ	N;NDEF;SG
шыбжий	шыбжийэхэ	N;NDEF;PL
шыбжий	шыбжийэхэмэ	N;ERG;PL;DEF
шыбжий	шыбжийэхыу	N;LGSPEC1;PL
шыбжий	шыбжийэм	N;ERG;SG;DEF
шыбжий	шыбжийэр	N;NOM;SG
шыбжий	шыбжийэхэр	N;NOM;PL
шыбжий	шыбжийыу	N;LGSPEC1;SG
шыбжий	шыбжийэхэмкӏэ	N;INS;PL;DEF
шыбжий	шыбжийэхэкӏэ	N;INS;PL;NDEF
шыбжий	шыбжийэмкӏэ	N;INS;SG;DEF
шыбжий	шыбжийэкӏэ	N;INS;SG;NDEF
шыбжий	шыбжийэ	N;NDEF;SG
шыгъу	шыгъуэхэр	N;NOM;PL
шыгъу	шыгъуэхэмкӏэ	N;INS;PL;DEF
шыгъу	шыгъуэхэкӏэ	N;INS;PL;NDEF
шыгъу	шыгъуыу	N;LGSPEC1;SG
шыгъу	шыгъуэр	N;NOM;SG
шыгъу	шыгъуэ	N;NDEF;SG
шыгъу	шыгъухыу	N;LGSPEC1;PL
шыгъу	шыгъуэхэ	N;NDEF;PL
шыгъу	шыгъуэмкӏэ	N;INS;SG;DEF
шыгъу	шыгъуэкӏэ	N;INS;SG;NDEF
шыгъу	шыгъуэхэмэ	N;ERG;PL;DEF
шыгъу	шыгъуэм	N;ERG;SG;DEF
шыды	шыдыхэ	N;NDEF;PL
шыды	шыдыхэмэ	N;ERG;PL;DEF
шыды	шыдыхыу	N;LGSPEC1;PL
шыды	шыдым	N;ERG;SG;DEF
шыды	шыдыр	N;NOM;SG
шыды	шыдыхэр	N;NOM;PL
шыды	шыдыу	N;LGSPEC1;SG
шыды	шыдыхэмкӏэ	N;INS;PL;DEF
шыды	шыдыхэкӏэ	N;INS;PL;NDEF
шыды	шыдымкӏэ	N;INS;SG;DEF
шыды	шыдыкӏэ	N;INS;SG;NDEF
шыды	шыды	N;NDEF;SG
шынагъуэ	шынагъуэхэ	N;NDEF;PL
шынагъуэ	шынагъуэхэмэ	N;ERG;PL;DEF
шынагъуэ	шынагъуэхыу	N;LGSPEC1;PL
шынагъуэ	шынагъуэм	N;ERG;SG;DEF
шынагъуэ	шынагъуэр	N;NOM;SG
шынагъуэ	шынагъуэхэр	N;NOM;PL
шынагъуэ	шынагъуэу	N;LGSPEC1;SG
шынагъуэ	шынагъуэхэмкӏэ	N;INS;PL;DEF
шынагъуэ	шынагъуэхэкӏэ	N;INS;PL;NDEF
шынагъуэ	шынагъуэмкӏэ	N;INS;SG;DEF
шынагъуэ	шынагъуэкӏэ	N;INS;SG;NDEF
шынагъуэ	шынагъуэ	N;NDEF;SG
шынэхъыщӏ	шынэхъыщӏэхэ	N;NDEF;PL
шынэхъыщӏ	шынэхъыщӏэхэмэ	N;ERG;PL;DEF
шынэхъыщӏ	шынэхъыщӏэхыу	N;LGSPEC1;PL
шынэхъыщӏ	шынэхъыщӏэм	N;ERG;SG;DEF
шынэхъыщӏ	шынэхъыщӏэр	N;NOM;SG
шынэхъыщӏ	шынэхъыщӏэхэр	N;NOM;PL
шынэхъыщӏ	шынэхъыщӏыу	N;LGSPEC1;SG
шынэхъыщӏ	шынэхъыщӏэхэмкӏэ	N;INS;PL;DEF
шынэхъыщӏ	шынэхъыщӏэхэкӏэ	N;INS;PL;NDEF
шынэхъыщӏ	шынэхъыщӏэмкӏэ	N;INS;SG;DEF
шынэхъыщӏ	шынэхъыщӏэкӏэ	N;INS;SG;NDEF
шынэхъыщӏ	шынэхъыщӏэ	N;NDEF;SG
шэ	шэхэр	N;NOM;PL
шэ	шэхэмкӏэ	N;INS;PL;DEF
шэ	шэхэкӏэ	N;INS;PL;NDEF
шэ	шэу	N;LGSPEC1;SG
шэ	шэр	N;NOM;SG
шэ	шэ	N;NDEF;SG
шэ	шэхыу	N;LGSPEC1;PL
шэ	шэхэ	N;NDEF;PL
шэ	шэмкӏэ	N;INS;SG;DEF
шэ	шэкӏэ	N;INS;SG;NDEF
шэ	шэхэмэ	N;ERG;PL;DEF
шэ	шэм	N;ERG;SG;DEF
щхьэ	щхьэхэр	N;NOM;PL
щхьэ	щхьэхэмкӏэ	N;INS;PL;DEF
щхьэ	щхьэхэкӏэ	N;INS;PL;NDEF
щхьэ	щхьэу	N;LGSPEC1;SG
щхьэ	щхьэр	N;NOM;SG
щхьэ	щхьэ	N;NDEF;SG
щхьэ	щхьэхыу	N;LGSPEC1;PL
щхьэ	щхьэхэ	N;NDEF;PL
щхьэ	щхьэмкӏэ	N;INS;SG;DEF
щхьэ	щхьэкӏэ	N;INS;SG;NDEF
щхьэ	щхьэхэмэ	N;ERG;PL;DEF
щхьэ	щхьэм	N;ERG;SG;DEF
щхьэгъубжэ	щхьэгъубжэхэ	N;NDEF;PL
щхьэгъубжэ	щхьэгъубжэхэмэ	N;ERG;PL;DEF
щхьэгъубжэ	щхьэгъубжэхыу	N;LGSPEC1;PL
щхьэгъубжэ	щхьэгъубжэм	N;ERG;SG;DEF
щхьэгъубжэ	щхьэгъубжэр	N;NOM;SG
щхьэгъубжэ	щхьэгъубжэхэр	N;NOM;PL
щхьэгъубжэ	щхьэгъубжэу	N;LGSPEC1;SG
щхьэгъубжэ	щхьэгъубжэхэмкӏэ	N;INS;PL;DEF
щхьэгъубжэ	щхьэгъубжэхэкӏэ	N;INS;PL;NDEF
щхьэгъубжэ	щхьэгъубжэмкӏэ	N;INS;SG;DEF
щхьэгъубжэ	щхьэгъубжэкӏэ	N;INS;SG;NDEF
щхьэгъубжэ	щхьэгъубжэ	N;NDEF;SG
щынэ	щынэхэ	N;NDEF;PL
щынэ	щынэхэмэ	N;ERG;PL;DEF
щынэ	щынэхыу	N;LGSPEC1;PL
щынэ	щынэм	N;ERG;SG;DEF
щынэ	щынэр	N;NOM;SG
щынэ	щынэхэр	N;NOM;PL
щынэ	щынэу	N;LGSPEC1;SG
щынэ	щынэхэмкӏэ	N;INS;PL;DEF
щынэ	щынэхэкӏэ	N;INS;PL;NDEF
щынэ	щынэмкӏэ	N;INS;SG;DEF
щынэ	щынэкӏэ	N;INS;SG;NDEF
щынэ	щынэ	N;NDEF;SG
щӏыӏу	щӏыӏуэхэ	N;NDEF;PL
щӏыӏу	щӏыӏуэхэмэ	N;ERG;PL;DEF
щӏыӏу	щӏыӏухыу	N;LGSPEC1;PL
щӏыӏу	щӏыӏуэм	N;ERG;SG;DEF
щӏыӏу	щӏыӏуэр	N;NOM;SG
щӏыӏу	щӏыӏуэхэр	N;NOM;PL
щӏыӏу	щӏыӏуыу	N;LGSPEC1;SG
щӏыӏу	щӏыӏуэхэмкӏэ	N;INS;PL;DEF
щӏыӏу	щӏыӏуэхэкӏэ	N;INS;PL;NDEF
щӏыӏу	щӏыӏуэмкӏэ	N;INS;SG;DEF
щӏыӏу	щӏыӏуэкӏэ	N;INS;SG;NDEF
щӏыӏу	щӏыӏуэ	N;NDEF;SG
щӏыӏэ	щӏыӏэхэ	ADJ;NDEF;PL
щӏыӏэ	щӏыӏэхэмэ	ADJ;ERG;PL;DEF
щӏыӏэ	щӏыӏэхыу	ADJ;LGSPEC1;PL
щӏыӏэ	щӏыӏэм	ADJ;ERG;SG;DEF
щӏыӏэ	щӏыӏэр	ADJ;NOM;SG;DEF
щӏыӏэ	щӏыӏэхэр	ADJ;NOM;PL;DEF
щӏыӏэ	щӏыӏэу	ADJ;LGSPEC1;SG
щӏыӏэ	щӏыӏэхэмкӏэ	ADJ;INS;PL;DEF
щӏыӏэ	щӏыӏэхэкӏэ	ADJ;INS;PL;NDEF
щӏыӏэ	щӏыӏэмкӏэ	ADJ;INS;SG;DEF
щӏыӏэ	щӏыӏэкӏэ	ADJ;INS;SG;NDEF
щӏыӏэ	щӏыӏэ	ADJ;NDEF;SG
щӏыӏэ	щӏыӏэхэ	N;NDEF;PL
щӏыӏэ	щӏыӏэхэмэ	N;ERG;PL;DEF
щӏыӏэ	щӏыӏэхыу	N;LGSPEC1;PL
щӏыӏэ	щӏыӏэм	N;ERG;SG;DEF
щӏыӏэ	щӏыӏэр	N;NOM;SG
щӏыӏэ	щӏыӏэхэр	N;NOM;PL
щӏыӏэ	щӏыӏэу	N;LGSPEC1;SG
щӏыӏэ	щӏыӏэхэмкӏэ	N;INS;PL;DEF
щӏыӏэ	щӏыӏэхэкӏэ	N;INS;PL;NDEF
щӏыӏэ	щӏыӏэмкӏэ	N;INS;SG;DEF
щӏыӏэ	щӏыӏэкӏэ	N;INS;SG;NDEF
щӏыӏэ	щӏыӏэ	N;NDEF;SG
щӏэ	щӏэхэ	ADJ;NDEF;PL
щӏэ	щӏэхэмэ	ADJ;ERG;PL;DEF
щӏэ	щӏэхыу	ADJ;LGSPEC1;PL
щӏэ	щӏэм	ADJ;ERG;SG;DEF
щӏэ	щӏэр	ADJ;NOM;SG;DEF
щӏэ	щӏэхэр	ADJ;NOM;PL;DEF
щӏэ	щӏэу	ADJ;LGSPEC1;SG
щӏэ	щӏэхэмкӏэ	ADJ;INS;PL;DEF
щӏэ	щӏэхэкӏэ	ADJ;INS;PL;NDEF
щӏэ	щӏэмкӏэ	ADJ;INS;SG;DEF
щӏэ	щӏэкӏэ	ADJ;INS;SG;NDEF
щӏэ	щӏэ	ADJ;NDEF;SG
ятӏэ	ятӏэхэ	N;NDEF;PL
ятӏэ	ятӏэхэмэ	N;ERG;PL;DEF
ятӏэ	ятӏэхыу	N;LGSPEC1;PL
ятӏэ	ятӏэм	N;ERG;SG;DEF
ятӏэ	ятӏэр	N;NOM;SG
ятӏэ	ятӏэхэр	N;NOM;PL
ятӏэ	ятӏэу	N;LGSPEC1;SG
ятӏэ	ятӏэхэмкӏэ	N;INS;PL;DEF
ятӏэ	ятӏэхэкӏэ	N;INS;PL;NDEF
ятӏэ	ятӏэмкӏэ	N;INS;SG;DEF
ятӏэ	ятӏэкӏэ	N;INS;SG;NDEF
ятӏэ	ятӏэ	N;NDEF;SG
ӏуащхьэ	ӏуащхьэхэ	N;NDEF;PL
ӏуащхьэ	ӏуащхьэхэмэ	N;ERG;PL;DEF
ӏуащхьэ	ӏуащхьэхыу	N;LGSPEC1;PL
ӏуащхьэ	ӏуащхьэм	N;ERG;SG;DEF
ӏуащхьэ	ӏуащхьэр	N;NOM;SG
ӏуащхьэ	ӏуащхьэхэр	N;NOM;PL
ӏуащхьэ	ӏуащхьэу	N;LGSPEC1;SG
ӏуащхьэ	ӏуащхьэхэмкӏэ	N;INS;PL;DEF
ӏуащхьэ	ӏуащхьэхэкӏэ	N;INS;PL;NDEF
ӏуащхьэ	ӏуащхьэмкӏэ	N;INS;SG;DEF
ӏуащхьэ	ӏуащхьэкӏэ	N;INS;SG;NDEF
ӏуащхьэ	ӏуащхьэ	N;NDEF;SG
ӏугъо	ӏугъохэ	N;NDEF;PL
ӏугъо	ӏугъохэмэ	N;ERG;PL;DEF
ӏугъо	ӏугъохыу	N;LGSPEC1;PL
ӏугъо	ӏугъом	N;ERG;SG;DEF
ӏугъо	ӏугъор	N;NOM;SG
ӏугъо	ӏугъохэр	N;NOM;PL
ӏугъо	ӏугъоу	N;LGSPEC1;SG
ӏугъо	ӏугъохэмкӏэ	N;INS;PL;DEF
ӏугъо	ӏугъохэкӏэ	N;INS;PL;NDEF
ӏугъо	ӏугъомкӏэ	N;INS;SG;DEF
ӏугъо	ӏугъокӏэ	N;INS;SG;NDEF
ӏугъо	ӏугъо	N;NDEF;SG
ӏупэ	ӏупэхэ	N;NDEF;PL
ӏупэ	ӏупэхэмэ	N;ERG;PL;DEF
ӏупэ	ӏупэхыу	N;LGSPEC1;PL
ӏупэ	ӏупэм	N;ERG;SG;DEF
ӏупэ	ӏупэр	N;NOM;SG
ӏупэ	ӏупэхэр	N;NOM;PL
ӏупэ	ӏупэу	N;LGSPEC1;SG
ӏупэ	ӏупэхэмкӏэ	N;INS;PL;DEF
ӏупэ	ӏупэхэкӏэ	N;INS;PL;NDEF
ӏупэ	ӏупэмкӏэ	N;INS;SG;DEF
ӏупэ	ӏупэкӏэ	N;INS;SG;NDEF
ӏупэ	ӏупэ	N;NDEF;SG
ӏэ	ӏэхэр	N;NOM;PL
ӏэ	ӏэхэмкӏэ	N;INS;PL;DEF
ӏэ	ӏэхэкӏэ	N;INS;PL;NDEF
ӏэ	ӏэу	N;LGSPEC1;SG
ӏэ	ӏэр	N;NOM;SG
ӏэ	ӏэ	N;NDEF;SG
ӏэ	ӏэхыу	N;LGSPEC1;PL
ӏэ	ӏэхэ	N;NDEF;PL
ӏэ	ӏэмкӏэ	N;INS;SG;DEF
ӏэ	ӏэкӏэ	N;INS;SG;NDEF
ӏэ	ӏэхэмэ	N;ERG;PL;DEF
ӏэ	ӏэм	N;ERG;SG;DEF
ӏэрыпӏ	ӏэрыпӏэхэ	N;NDEF;PL
ӏэрыпӏ	ӏэрыпӏэхэмэ	N;ERG;PL;DEF
ӏэрыпӏ	ӏэрыпӏэхыу	N;LGSPEC1;PL
ӏэрыпӏ	ӏэрыпӏэм	N;ERG;SG;DEF
ӏэрыпӏ	ӏэрыпӏэр	N;NOM;SG
ӏэрыпӏ	ӏэрыпӏэхэр	N;NOM;PL
ӏэрыпӏ	ӏэрыпӏыу	N;LGSPEC1;SG
ӏэрыпӏ	ӏэрыпӏэхэмкӏэ	N;INS;PL;DEF
ӏэрыпӏ	ӏэрыпӏэхэкӏэ	N;INS;PL;NDEF
ӏэрыпӏ	ӏэрыпӏэмкӏэ	N;INS;SG;DEF
ӏэрыпӏ	ӏэрыпӏэкӏэ	N;INS;SG;NDEF
ӏэрыпӏ	ӏэрыпӏэ	N;NDEF;SG
къущхьэ	къущхьэхэмэ	N;ERG;PL;DEF
шыды	шыдыхэмкӏэ	N;INS;PL;DEF
пщӏантӏэпс	пщӏантӏэпс	N;NDEF;SG
дамэ	дамэкӏэ	N;INS;SG;NDEF
вабдзэ	вабдзэхэ	N;NDEF;PL
ижь	ижьэхэкӏэ	N;INS;PL;NDEF
уэшх	уэшхэхэмэ	N;ERG;PL;DEF
лъэпкъ	лъэпкъыу	N;LGSPEC1;SG
нартыху	нартыхуэм	N;ERG;SG;DEF
дакъэ	дакъэхэмэ	N;ERG;PL;DEF
фошыгъу	фошыгъуэхэкӏэ	N;INS;PL;NDEF
тхылъымпӏэ	тхылъымпӏэр	N;NOM;SG
дыжьын	дыжьынэхэкӏэ	N;INS;PL;NDEF
тхьэкӏумэ	тхьэкӏумэкӏэ	N;INS;SG;NDEF
унэ	унэхэ	N;NDEF;PL
щӏыӏэ	щӏыӏэу	N;LGSPEC1;SG
ӏупэ	ӏупэ	N;NDEF;SG
адакъэ	адакъэхэкӏэ	N;INS;PL;NDEF
кърухугу	кърухугуэхэмкӏэ	N;INS;PL;DEF
емыкӏу	емыкӏуэхэмкӏэ	N;INS;PL;DEF
дыркъуэ	дыркъуэхэр	N;NOM;PL
уафэ	уафэу	N;LGSPEC1;SG
бжьыныху	бжьыныхуэм	N;ERG;SG;DEF
сахъэ	сахъэхэкӏэ	N;INS;PL;NDEF
гуахъуэ	гуахъуэхэмэ	N;ERG;PL;DEF
шыбжий	шыбжийэмкӏэ	N;INS;SG;DEF
псэущхьэ	псэущхьэхэмкӏэ	N;INS;PL;DEF
пщэдыкъ	пщэдыкъэхэмэ	N;ERG;PL;DEF
дзасэ	дзасэхыу	N;LGSPEC1;PL
жэм	жэмхэр	N;NOM;PL
гэ	гэхэмэ	N;ERG;PL;DEF
вабдзэ	вабдзэмкӏэ	N;INS;SG;DEF
фӏыцӏэ	фӏыцӏэмкӏэ	ADJ;INS;SG;DEF
тхьэмадэ	тхьэмадэкӏэ	N;INS;SG;NDEF
къулыкъу	къулыкъуэр	N;NOM;SG
зауэ	зауэхэр	N;NOM;PL
фыз	фызэхэкӏэ	N;INS;PL;NDEF
хьащӏэ	хьащӏэхыу	N;LGSPEC1;PL
лэгъупэжь	лэгъупэжьэхэмэ	N;ERG;PL;DEF
дыгъужь	дыгъужьэхэкӏэ	N;INS;PL;NDEF
псэущхьэ	псэущхьэу	N;LGSPEC1;SG
уэфӏ	уэфӏэкӏэ	N;INS;SG;NDEF
бжьэ	бжьэхэ	N;NDEF;PL
быдзафэ	быдзафэмкӏэ	ADJ;INS;SG;DEF
илъэс	илъэскӏэ	N;INS;SG;NDEF
шыгъу	шыгъуэхэр	N;NOM;PL
псыдыуэ	псыдыуэхэкӏэ	N;INS;PL;NDEF
пщылӏы	пщылӏыхэмкӏэ	N;INS;PL;DEF
шэ	шэу	N;LGSPEC1;SG
махуэ	махуэ	N;NDEF;SG
дзэ	дзэхэмэ	N;ERG;PL;DEF
жьэжьэй	жьэжьэйэкӏэ	N;INS;SG;NDEF
блэ	блэхыу	N;LGSPEC1;PL
унащхьэ	унащхьэхэ	N;NDEF;PL
пэ	пэхыу	N;LGSPEC1;PL
унэ	унэхэкӏэ	N;INS;PL;NDEF
фошыгъу	фошыгъуэхэмэ	N;ERG;PL;DEF
жьэжьэй	жьэжьэйэхэ	N;NDEF;PL
псы	псыэхэ	N;NDEF;PL
дыгъэ	дыгъэхыу	N;LGSPEC1;PL
дыгъурыгъу	дыгъурыгъуэ	N;NDEF;SG
ижь	ижьыу	N;LGSPEC1;SG
абдж	абджэкӏэ	N;INS;SG;NDEF
бжьыдзэ	бжьыдзэ	N;NDEF;SG
упщӏэ	упщӏэу	N;LGSPEC1;SG
хуабэ	хуабэ	ADJ;NDEF;SG
тхылъымпӏэ	тхылъымпӏэ	N;NDEF;SG
къалэ	къалэхэмкӏэ	N;INS;PL;DEF
уэшх	уэшхэм	N;ERG;SG;DEF
лъэмыж	лъэмыжэхэр	N;NOM;PL
уэшх	уэшхэхэмкӏэ	N;INS;PL;DEF
ятӏэ	ятӏэхэкӏэ	N;INS;PL;NDEF
бэдрэжан	бэдрэжанхэмэ	N;ERG;PL;DEF
псэущхьэ	псэущхьэ	N;NDEF;SG
дзыдзэ	дзыдзэм	N;ERG;SG;DEF
тхьэмадэ	тхьэмадэхэмэ	N;ERG;PL;DEF
сахъэ	сахъэхыу	N;LGSPEC1;PL
цӏэ	цӏэ	N;NDEF;SG
пащтыхь	пащтыхьэ	N;NDEF;SG
фӏыцӏэ	фӏыцӏэу	N;LGSPEC1;SG
шыды	шыдыкӏэ	N;INS;SG;NDEF
блэ	блэхэр	N;NOM;PL
мажьэ	мажьэкӏэ	N;INS;SG;NDEF
бжьыхьэ	бжьыхьэкӏэ	N;INS;SG;NDEF
къухьэпIэ	къухьэпIэхэкӏэ	N;INS;PL;NDEF
бжэн	бжэнм	N;ERG;SG;DEF
къуэкIыпIэ	къуэкIыпIэхэр	N;NOM;PL
бдзэжьей	бдзэжьейкӏэ	N;INS;SG;NDEF
мыщэ	мыщэкӏэ	N;INS;SG;NDEF
анэ	анэхэмэ	N;ERG;PL;DEF
гъэмахуэ	гъэмахуэ	N;NDEF;SG
джей	джейэхэкӏэ	N;INS;PL;NDEF
нащэ	нащэкӏэ	N;INS;SG;NDEF
хужьы	хужьыу	ADJ;LGSPEC1;SG
бахъэ	бахъэ	N;NDEF;SG
щхъырыб	щхъырыбэхэ	N;NDEF;PL
нэпс	нэпсэ	N;NDEF;SG
ко	кокӏэ	N;INS;SG;NDEF
емыкӏу	емыкӏуэхэр	N;NOM;PL
шатэ	шатэхэмкӏэ	N;INS;PL;DEF
псэущхьэ	псэущхьэр	N;NOM;SG
къулыкъу	къулыкъуэхэр	N;NOM;PL
мывэ	мывэхэкӏэ	N;INS;PL;NDEF
мыгъуэ	мыгъуэу	ADJ;LGSPEC1;SG
хыкхъуэ	хыкхъуэм	N;ERG;SG;DEF
ужьэ	ужьэ	N;NDEF;SG
хъу	хъуэкӏэ	N;INS;SG;NDEF
бгъэ	бгъэхэмкӏэ	N;INS;PL;DEF
ныуэ	ныуэхэ	N;NDEF;PL
бегъымбар	бегъымбарэхэмкӏэ	N;INS;PL;DEF
мазэ	мазэхэмкӏэ	N;INS;PL;DEF
щӏэ	щӏэ	ADJ;NDEF;SG
пщэдджыжь	пщэдджыжьм	N;ERG;SG;DEF
бгъэ	бгъэхэр	N;NOM;PL
тхуей	тхуейэр	N;NOM;SG
ужьэ	ужьэхэкӏэ	N;INS;PL;NDEF
гъунэгъу	гъунэгъуэ	N;NDEF;SG
ныбжьыщӏэ	ныбжьыщӏэм	ADJ;ERG;SG;DEF
ищхъэрэ	ищхъэрэм	N;ERG;SG;DEF
гуэдз	гуэдзэхэ	N;NDEF;PL
дыркъуэ	дыркъуэхэмэ	N;ERG;PL;DEF
лъэпэд	лъэпэдэкӏэ	N;INS;SG;NDEF
дэкун	дэкунэхэкӏэ	N;INS;PL;NDEF
бдзэжьей	бдзэжьейм	N;ERG;SG;DEF
бзэгу	бзэгухэкӏэ	N;INS;PL;NDEF
кърухугу	кърухугуыу	N;LGSPEC1;SG
гъунэгъу	гъунэгъуэкӏэ	N;INS;SG;NDEF
узыншагъэ	узыншагъэхэр	N;NOM;PL
къуалэбзу	къуалэбзухыу	N;LGSPEC1;PL
хыкхъуэ	хыкхъуэхэр	N;NOM;PL
ныбжьыщӏэ	ныбжьыщӏэхэ	N;NDEF;PL
фӏыцӏэ	фӏыцӏэ	ADJ;NDEF;SG
жьэжьэй	жьэжьэйэ	N;NDEF;SG
къыщалъхуа махуэ	къыщалъхуа махуэхэмэ	N;ERG;PL;DEF
кӏагъэпшагъэ	кӏагъэпшагъэхэмкӏэ	N;INS;PL;DEF
адакъэ	адакъэм	N;ERG;SG;DEF
былым	былымхэр	N;NOM;PL
пщӏантӏэпс	пщӏантӏэпсхэмэ	N;ERG;PL;DEF
лӏэныгъ	лӏэныгъэкӏэ	N;INS;SG;NDEF
цӏэ	цӏэхыу	N;LGSPEC1;PL
гудэ	гудэу	N;LGSPEC1;SG
джэд	джэдэм	N;ERG;SG;DEF
пщӏатӏэ	пщӏатӏэу	N;LGSPEC1;SG
пхъы	пхъым	N;ERG;SG;DEF
пщэдыкъ	пщэдыкъэмкӏэ	N;INS;SG;DEF
ӏугъо	ӏугъор	N;NOM;SG
лъакъуэ	лъакъуэхэ	N;NDEF;PL
псэущхьэ	псэущхьэхэ	N;NDEF;PL
дыркъуэ	дыркъуэхэ	N;NDEF;PL
лыц	лыцэхэ	N;NDEF;PL
сахъэ	сахъэр	N;NOM;SG
гуэдз	гуэдзыу	N;LGSPEC1;SG
къухьэпIэ	къухьэпIэхэмэ	N;ERG;PL;DEF
быдзы	быдзыхэр	N;NOM;PL
дамэ	дамэм	N;ERG;SG;DEF
лъэгуажьэ	лъэгуажьэмкӏэ	N;INS;SG;DEF
бацэ	бацэ	N;NDEF;SG
дарий	дарийэкӏэ	N;INS;SG;NDEF
шатэ	шатэхэкӏэ	N;INS;PL;NDEF
хьэндырабгъуэ	хьэндырабгъуэр	N;NOM;SG
бзэгу	бзэгухэмкӏэ	N;INS;PL;DEF
дзасэ	дзасэхэр	N;NOM;PL
дыкъуакъуэ	дыкъуакъуэр	N;NOM;SG
щхьэгъубжэ	щхьэгъубжэ	N;NDEF;SG
илъэс	илъэсм	N;ERG;SG;DEF
быдзафэ	быдзафэхэмэ	ADJ;ERG;PL;DEF
джэд	джэдэхэ	N;NDEF;PL
уэс	уэсэхэмэ	N;ERG;PL;DEF
къухьэпIэ	къухьэпIэр	N;NOM;SG
джэдкъаз	джэдкъазэхэкӏэ	N;INS;PL;NDEF
уэс	уэсэхэр	N;NOM;PL
дзажэ	дзажэхэкӏэ	N;INS;PL;NDEF
дакъэ	дакъэхэ	N;NDEF;PL
щӏэ	щӏэу	ADJ;LGSPEC1;SG
щӏыӏу	щӏыӏуэмкӏэ	N;INS;SG;DEF
лъакъуэ	лъакъуэхэмэ	N;ERG;PL;DEF
мацӏэ	мацӏэхыу	N;LGSPEC1;PL
пщӏантӏэпс	пщӏантӏэпсхэ	N;NDEF;PL
лъэпэд	лъэпэдэхыу	N;LGSPEC1;PL
пащтыхь	пащтыхьэхэмкӏэ	N;INS;PL;DEF
бажэ	бажэхэр	N;NOM;PL
мывэ	мывэхыу	N;LGSPEC1;PL
бынжэ	бынжэ	N;NDEF;SG
хугу	хугуэхэр	N;NOM;PL
бий	бийыу	N;LGSPEC1;SG
хъулъхугъэ	хъулъхугъэхэмэ	N;ERG;PL;DEF
дыжьын	дыжьынэхэмэ	N;ERG;PL;DEF
жьакӏэ	жьакӏэкӏэ	N;INS;SG;NDEF
бэдрэжан	бэдрэжанр	N;NOM;SG
бый	быйэхэр	N;NOM;PL
дыжьын	дыжьынэмкӏэ	N;INS;SG;DEF
бзылъхугъэ	бзылъхугъэ	N;NDEF;SG
пащтыхь	пащтыхьэхэ	N;NDEF;PL
быдзафэ	быдзафэм	N;ERG;SG;DEF
нэзы	нэзым	N;ERG;SG;DEF
мыгъуэ	мыгъуэхэмкӏэ	ADJ;INS;PL;DEF
дзыгъуэ	дзыгъуэм	N;ERG;SG;DEF
гъэмахуэ	гъэмахуэмкӏэ	N;INS;SG;DEF
пщӏантӏэпс	пщӏантӏэпср	N;NOM;SG
санэ	санэкӏэ	N;INS;SG;NDEF
